zwf,c2265,,,,,,,
zupT,c3789,,,,,,,
zraP,c4959,,,,,,,
znuC,c2272,,,,,,,
zntB,c1816,,,,,,,
zntA,c4262,,,,,,,
zipA,c2946,,,,,,,
zapD,c0122,,,,,,,
zapB,yiiU,c4880,,,,,,
zapA,c3492,,,,,,,
ytjA,c5459,,,,,,,
ytfT,c5327,,,,,,,
ytfR,c5326,,,,,,,
ytfQ,c5325,,,,,,,
ytfP,c5320,,,,,,,
ytfN,c5319,,,,,,,
ytfM,c5318,,,,,,,
ytfL,c5316,,,,,,,
ytfK,c5315,,,,,,,
ytfH,c5311,,,,,,,
ytfG,c5310,,,,,,,
ytfF,c5309,,,,,,,
ytfE,c5308,,,,,,,
ytfB,c5305,,,,,,,
ytcA,c5088,,,,,,,
ysaB,c4380,,,,,,,
yrhB,c4235,,,,,,,
yrhA,c4234,,,,,,,
yrfG,c4170,,,,,,,
yrfF,c4169,,,,,,,
yrfE,c4167,,,,,,,
yrfD,c4165,,,,,,,
yrfC,c4164,,,,,,,
yrfB,c4163,,,,,,,
yrfA,c4162,,,,,,,
yrdD,c4044,,,,,,,
yrdB,c4041,,,,,,,
yrdA,c4040,,,,,,,
yrbL,c3967,,,,,,,
yrbG,c3956,,,,,,,
yrbD,c3953,,,,,,,
yrbC,c3952,,,,,,,
yrbB,c3950,,,,,,,
yraR,c3906,,,,,,,
yraQ,c3905,,,,,,,
yraP,c3904,,,,,,,
yraN,c3901,,,,,,,
yraL,rsmI,c3899,,,,,,
yqjK,c3858,,,,,,,
yqjI,c3824,,,,,,,
yqjH,c3823,,,,,,,
yqjF,c3859,,,,,,,
yqjE,c3857,,,,,,,
yqjD,c3856,,,,,,,
yqjC,c3855,,,,,,,
yqjB,mzrA,c3854,,,,,,
yqjA,c3853,,,,,,,
yqiK,c3799,,,,,,,
yqiJ,c3798,,,,,,,
yqiH,c3793,,,,,,,
yqiG,c3792,,,,,,,
yqiC,c3796,,,,,,,
yqiB,c3779,,,,,,,
yqiA,c3777,,,,,,,
yqhH,c3748,,,,,,,
yqhG,c3747,,,,,,,
yqhD,c3745,,,,,,,
yqhC,c3744,,,,,,,
yqhA,c3738,,,,,,,
yqgF,c3535,,,,,,,
yqgE,c3534,,,,,,,
yqgD,c3527,,,,,,,
yqgB,c3525,,,,,,,
yqgA,c3555,,,,,,,
yqfE,c3496,,,,,,,
yqfB,c3481,,,,,,,
yqfA,c3480,,,,,,,
yqeG,c3442,,,,,,,
yqeF,c3441,,,,,,,
yqeC,c3454,,,,,,,
yqeB,c3453,,,,,,,
yqeA,c3452,,,,,,,
yqcE,c3333,,,,,,,
yqcC,c3358,,,,,,,
yqcA,c3356,,,,,,,
yqaE,c3215,,,,,,,
yqaB,c3247,,,,,,,
yqaA,c3246,,,,,,,
ypjD,c3132,,,,,,,
yphH,c3072,,,,,,,
yphG,c3071,,,,,,,
yphF,c3070,,,,,,,
yphE,c3069,,,,,,,
yphD,c3068,,,,,,,
yphC,c3067,,,,,,,
yphB,c3066,,,,,,,
yphA,c3065,,,,,,,
ypfN,c3000,,,,,,,
ypfJ,c3003,,,,,,,
ypfI,tmcA,c3002,,,,,,
ypfH,c3001,,,,,,,
ypfG,c2991,,,,,,,
ypeC,c2929,,,,,,,
ypeA,c2968,,,,,,,
ypdI,c2912,,,,,,,
ypdE,c2923,,,,,,,
ypdC,c2921,,,,,,,
ypdB,c2920,,,,,,,
ypdA,c2919,,,,,,,
yojO,c2748,,,,,,,
yojN,rcsD,c2759,,,,,,
yojL,c2756,,,,,,,
yojI,c2752,,,,,,,
yohO,c2657.1,,,,,,,
yohK,c2674,,,,,,,
yohJ,c2673,,,,,,,
yohD,c2668,,,,,,,
yohC,c2667,,,,,,,
yoeB,c2544,,,,,,,
yodD,c2372,,,,,,,
yodC,c2376,,,,,,,
yodA,c2391,,,,,,,
yobH,c2235,,,,,,,
yobF,c2232,,,,,,,
yobD,c2227,,,,,,,
yobB,c2253,,,,,,,
yobA,c2251,,,,,,,
yoaI,c2193,,,,,,,
yoaH,c2216,,,,,,,
yoaG,c2202,,,,,,,
yoaF,c2198,,,,,,,
yoaE,c2222,,,,,,,
yoaD,c2221,,,,,,,
yoaC,c2214,,,,,,,
yoaB,c2213,,,,,,,
ynjH,c2161,,,,,,,
ynjF,c2159,,,,,,,
ynjD,c2157,,,,,,,
ynjC,c2156,,,,,,,
ynjA,c2154,,,,,,,
yniC,c2126,,,,,,,
yniB,c2125,,,,,,,
yniA,c2124,,,,,,,
ynhG,c2073,,,,,,,
ynhE,c2078,,,,,,,
ynhD,c2077,,,,,,,
ynhC,c2076,,,,,,,
ynfM,c1987,,,,,,,
ynfL,c1986,,,,,,,
ynfK,bioD,c1984,,,,,,
ynfH,c1981,,,,,,,
ynfG,c1979,,,,,,,
ynfF,c1978,,,,,,,
ynfE,c1977,,,,,,,
ynfD,c1976,,,,,,,
ynfC,c1975,,,,,,,
ynfB,c1973,,,,,,,
ynfA,c1972,,,,,,,
yneJ,c1949,,,,,,,
yneI,c1948,,,,,,,
yneG,c1946,,,,,,,
yneF,c1945,,,,,,,
yneE,c1943,,,,,,,
yncJ,c1860,,,,,,,
yncE,c1877,,,,,,,
yncA,c1873,,,,,,,
ynbE,c1829,,,,,,,
ynbD,c1837,,,,,,,
ynbC,c1836,,,,,,,
ynbB,c1835,,,,,,,
ynbA,c1834,,,,,,,
ynaJ,c1805,,,,,,,
ynaI,c1804,,,,,,,
ymjA,c1772,,,,,,,
ymgG,c1617,,,,,,,
ymgE,c1645,,,,,,,
ymgD,c1616,,,,,,,
ymfL,c3195,,,,,,,
ymfA,c1397,,,,,,,
ymdC,clsC,c1310,,,,,,
ymdB,c1309,,,,,,,
ymdA,c1308,,,,,,,
ymcE,c1124,,,,,,,
ymbA,c1088,,,,,,,
yliI,c0922,,,,,,,
yliH,c0921,,,,,,,
yliF,c0919,,,,,,,
yliE,c0918,,,,,,,
yleB,c0748,,,,,,,
ylcE,c1475,,,,,,,
ylbF,c0634,,,,,,,
ylbE,c0633,,,,,,,
ylbB,c0630,,,,,,,
ylbA,c0629,,,,,,,
ylaD,c0577,,,,,,,
ylaC,c0576,,,,,,,
ylaB,c0575,,,,,,,
ykiA,c0501,,,,,,,
ykgI,c0419,,,,,,,
ykgH,c0425,,,,,,,
ykgG,c0424,,,,,,,
ykgF,c0423,,,,,,,
ykgE,c0422,,,,,,,
ykgD,c0421,,,,,,,
ykgC,c0420,,,,,,,
ykgB,c0418,,,,,,,
ykgA,c0416,,,,,,,
ykfE,c0370,,,,,,,
yjjY,c5489,,,,,,,
yjjX,c5481,,,,,,,
yjjW,c5462,,,,,,,
yjjV,c5461,,,,,,,
yjjU,c5460,,,,,,,
yjjQ,c5444,,,,,,,
yjjP,c5443,,,,,,,
yjjM,c5436,,,,,,,
yjjJ,c5470,,,,,,,
yjjI,c5463,,,,,,,
yjjG,c5454,,,,,,,
yjjB,c5442,,,,,,,
yjjA,c5439,,,,,,,
yjiZ,c4921,,,,,,,
yjiY,c5429,,,,,,,
yjiX,c5428,,,,,,,
yjiN,c5419,,,,,,,
yjiM,c5418,,,,,,,
yjiL,c5417,,,,,,,
yjiK,c5415,,,,,,,
yjiJ,c5414,,,,,,,
yjiH,c5410,,,,,,,
yjiG,c5409,,,,,,,
yjiE,c5407,,,,,,,
yjiA,c5427,,,,,,,
yjgR,c5364,,,,,,,
yjgK,c5352,,,,,,,
yjgF,c5342,,,,,,,
yjgD,rraB,c5354,,,,,,
yjgB,c5370,,,,,,,
yjgA,c5332,,,,,,,
yjfY,c5289,,,,,,,
yjfP,c5278,,,,,,,
yjfO,c5277,,,,,,,
yjfN,c5276,,,,,,,
yjfM,c5272,,,,,,,
yjfL,c5268,,,,,,,
yjfK,c5267,,,,,,,
yjfJ,c5266,,,,,,,
yjfI,c5265,,,,,,,
yjfG,mpl,c5331,,,,,,
yjfF,c5328,,,,,,,
yjfC,c5274,,,,,,,
yjeT,c5260,,,,,,,
yjeS,queG,c5250,,,,,,
yjeP,c5245,,,,,,,
yjeM,c5244,,,,,,,
yjeK,c5231,,,,,,,
yjeJ,c5230,,,,,,,
yjeI,c5228,,,,,,,
yjeH,c5224,,,,,,,
yjeF,nnrD,nnrE,c5251,,,,,
yjeE,c5252,,,,,,,
yjdP,c5097,,,,,,,
yjdM,phnA,c5113,,,,,,
yjdL,c5139,,,,,,,
yjdJ,c5134,,,,,,,
yjdI,c5133,,,,,,,
yjdC,c5217,,,,,,,
yjdB,c5119,,,,,,,
yjdA,c5114,,,,,,,
yjcZ,c5115,,,,,,,
yjcX,c5094,,,,,,,
yjcW,c5093,,,,,,,
yjcV,c5092,,,,,,,
yjcU,c5091,,,,,,,
yjcT,alsK,c5090,,,,,,
yjcS,c5089,,,,,,,
yjcO,c5076,,,,,,,
yjcH,c5063,,,,,,,
yjcC,c5052,,,,,,,
yjcB,c5050,,,,,,,
yjbT,c4999,,,,,,,
yjbR,c5047,,,,,,,
yjbQ,c5046,,,,,,,
yjbO,c5019,,,,,,,
yjbK,c5017,,,,,,,
yjbJ,c5016,,,,,,,
yjbH,c4997,,,,,,,
yjbG,c4996,,,,,,,
yjbF,c4995,,,,,,,
yjbE,c4994,,,,,,,
yjbD,c4989,,,,,,,
yjbB,c4979,,,,,,,
yjaH,c4958,,,,,,,
yjaG,c4956,,,,,,,
yjaB,c4969,,,,,,,
yjaA,c4968,,,,,,,
yijP,c4914,,,,,,,
yijO,c4913,,,,,,,
yijF,c4902,,,,,,,
yijE,c4901,,,,,,,
yijD,c4927,,,,,,,
yiiX,c4890,,,,,,,
yiiS,c4874,,,,,,,
yiiR,c4873,,,,,,,
yiiQ,c4872,,,,,,,
yiiM,c4862,,,,,,,
yiiE,c4840,,,,,,,
yiiD,c4835,,,,,,,
yihY,c4833,,,,,,,
yihX,c4832,,,,,,,
yihW,c4824,,,,,,,
yihV,c4825,,,,,,,
yihU,c4826,,,,,,,
yihT,c4827,,,,,,,
yihN,c4823,,,,,,,
yihM,c4822,,,,,,,
yihL,c4821,,,,,,,
yihI,c4815,,,,,,,
yihG,c4807,,,,,,,
yihF,c4806,,,,,,,
yihD,c4802,,,,,,,
yigZ,c4795,,,,,,,
yigW,tatD,c4788,,,,,,
yigP,c4783,,,,,,,
yigN,c4781,,,,,,,
yigM,c4749,,,,,,,
yigI,c4741,,,,,,,
yigB,c4733,,,,,,,
yigA,c4731,,,,,,,
yifL,c4729,,,,,,,
yifK,c4717,,,,,,,
yifE,c4686,,,,,,,
yifB,c4687,,,,,,,
yieP,c4683,,,,,,,
yieO,c4682,,,,,,,
yieL,c4641,,,,,,,
yieK,c4640,,,,,,,
yieH,c4638,,,,,,,
yieG,c4637,,,,,,,
yieF,c4636,,,,,,,
yieE,c4635,,,,,,,
yidZ,c4634,,,,,,,
yidR,c4609,,,,,,,
yidQ,c4608,,,,,,,
yidL,c4603,,,,,,,
yidK,c4602,,,,,,,
yidJ,c4601,,,,,,,
yidH,c4600,,,,,,,
yidG,c4599,,,,,,,
yidF,c4598,,,,,,,
yidE,c4604,,,,,,,
yidD,c4628.1,,,,,,,
yidC,c4629,,,,,,,
yidB,c4620,,,,,,,
yidA,c4619,,,,,,,
yicS,c4585,,,,,,,
yicR,c4462,,,,,,,
yicO,c4588,,,,,,,
yicN,c4587,,,,,,,
yicL,c4582,,,,,,,
yicJ,c4490,,,,,,,
yicI,c4489,,,,,,,
yicH,c4480,,,,,,,
yicG,c4470,,,,,,,
yicC,c4468,,,,,,,
yibT,c4419,,,,,,,
yibQ,c4440,,,,,,,
yibP,c4439,,,,,,,
yibN,c4436,,,,,,,
yibL,c4421,,,,,,,
yibI,c4415,,,,,,,
yibH,c4414,,,,,,,
yibF,c4413,,,,,,,
yibD,c4441,,,,,,,
yiaY,c4410,,,,,,,
yiaO,c4402,,,,,,,
yiaN,c4400,,,,,,,
yiaM,c4399,,,,,,,
yiaL,c4397,,,,,,,
yiaJ,c4395,,,,,,,
yiaI,c4394,,,,,,,
yiaH,wecH,c4381,,,,,,
yiaG,c4375,,,,,,,
yiaF,c4373,,,,,,,
yiaD,c4370,,,,,,,
yiaC,c4368,,,,,,,
yiaB,c4383,,,,,,,
yiaA,c4382,,,,,,,
yhjY,c4366,,,,,,,
yhjX,c4365,,,,,,,
yhjW,c4364,,,,,,,
yhjV,c4354,,,,,,,
yhjU,c4350,,,,,,,
yhjS,c4348,,,,,,,
yhjR,c4347,,,,,,,
yhjQ,c4346,,,,,,,
yhjO,c4345,,,,,,,
yhjN,c4344,,,,,,,
yhjM,c4343,,,,,,,
yhjL,c4342,,,,,,,
yhjK,c4341,,,,,,,
yhjJ,c4339,,,,,,,
yhjH,c4336,,,,,,,
yhjG,c4335,,,,,,,
yhjE,c4334,,,,,,,
yhjD,c4333,,,,,,,
yhjC,c4332,,,,,,,
yhjB,c4331,,,,,,,
yhjA,c4329,,,,,,,
yhiR,rlmJ,c4298,,,,,,
yhiP,dtpB,c4295,,,,,,
yhiN,c4290,,,,,,,
yhiM,c4289,,,,,,,
yhiI,c4287,,,,,,,
yhiH,c4286,,,,,,,
yhiD,c4319,,,,,,,
yhhZ,c4233,,,,,,,
yhhX,c4229,,,,,,,
yhhW,c4228,,,,,,,
yhhU,c4268,,,,,,,
yhhT,c4267,,,,,,,
yhhS,c4266,,,,,,,
yhhQ,c4264,,,,,,,
yhhN,c4261,,,,,,,
yhhM,c4260,,,,,,,
yhhL,c4259,,,,,,,
yhhK,panZ,c4251,,,,,,
yhhJ,c4285,,,,,,,
yhhA,c4237,,,,,,,
yhgN,c4221,,,,,,,
yhgF,c4184,,,,,,,
yhgE,c4173,,,,,,,
yhgA,c4188,,,,,,,
yhfZ,c4153,,,,,,,
yhfY,c4152,,,,,,,
yhfX,c4151,,,,,,,
yhfW,c4150,,,,,,,
yhfV,c4149,,,,,,,
yhfU,c4148,,,,,,,
yhfT,c4147,,,,,,,
yhfS,c4146,,,,,,,
yhfL,c4145,,,,,,,
yhfK,c4133,,,,,,,
yhfG,c4137,,,,,,,
yhfA,c4131,,,,,,,
yheV,c4124,,,,,,,
yheU,c4129,,,,,,,
yheT,c4128,,,,,,,
yheS,c4127,,,,,,,
yheO,c4120,,,,,,,
yheK,c4104,,,,,,,
yheJ,c4103,,,,,,,
yheI,c4102,,,,,,,
yheH,c4101,,,,,,,
yheG,c4097,,,,,,,
yheF,c4096,,,,,,,
yheE,c4095,,,,,,,
yheD,c4094,,,,,,,
yheB,c4109,,,,,,,
yhdZ,c4037,,,,,,,
yhdY,c4036,,,,,,,
yhdX,c4035,,,,,,,
yhdW,c4034,,,,,,,
yhdV,c4033,,,,,,,
yhdU,c4029,,,,,,,
yhdT,c4022,,,,,,,
yhdP,c4000,,,,,,,
yhdN,c4054,,,,,,,
yhdM,c4053,,,,,,,
yhdL,c4052,,,,,,,
yhdJ,c4028,,,,,,,
yhdH,c4009,,,,,,,
yhdE,c4002,,,,,,,
yhdA,c4008,,,,,,,
yhcO,c3994,,,,,,,
yhcN,c3993,,,,,,,
yhcM,zapE,c3986,,,,,,
yhcH,c3975,,,,,,,
yhcC,c3971,,,,,,,
yhcB,c3987,,,,,,,
yhbY,c3937,,,,,,,
yhbX,c3930,,,,,,,
yhbW,c3913,,,,,,,
yhbV,c3912,,,,,,,
yhbU,c3911,,,,,,,
yhbS,c3909,,,,,,,
yhbQ,c3908,,,,,,,
yhbP,c3907,,,,,,,
yhbL,c3969,,,,,,,
yhbE,c3941,,,,,,,
yhaV,c3885,,,,,,,
yhaU,c3882,,,,,,,
yhaM,c3867,,,,,,,
yhaL,c3866,,,,,,,
yhaK,c3864,,,,,,,
yhaJ,c3863,,,,,,,
yhaH,c3862,,,,,,,
yhaG,garD,c3883,,,,,,
yhaD,c3879,,,,,,,
ygjV,c3848,,,,,,,
ygjR,c3845,,,,,,,
ygjQ,c3844,,,,,,,
ygjP,c3843,,,,,,,
ygjL,c3839,,,,,,,
ygjK,c3838,,,,,,,
ygjJ,c3837,,,,,,,
ygjI,c3836,,,,,,,
ygjH,c3830,,,,,,,
ygiY,c3765,,,,,,,
ygiX,c3764,,,,,,,
ygiW,c3763,,,,,,,
ygiV,c3762,,,,,,,
ygiQ,c3749,,,,,,,
ygiN,c3769,,,,,,,
ygiM,c3805,,,,,,,
ygiL,c3791,,,,,,,
ygiK,c3756,,,,,,,
ygiF,c3802,,,,,,,
ygiD,c3788,,,,,,,
ygiC,c3784,,,,,,,
ygiB,c3783,,,,,,,
ygiA,c3782,,,,,,,
yghZ,c3737,,,,,,,
yghW,c3735,,,,,,,
yghU,c3726,,,,,,,
yghT,c3723,,,,,,,
yghS,c3722,,,,,,,
yghR,c3721,,,,,,,
yghQ,c3720,,,,,,,
yghO,c3711,,,,,,,
yghK,c3704,,,,,,,
yghD,c3699,,,,,,,
yghB,c3743,,,,,,,
yghA,c3739,,,,,,,
yggX,c3550,,,,,,,
yggW,c3541,,,,,,,
yggU,c3539,,,,,,,
yggT,c3538,,,,,,,
yggS,c3537,,,,,,,
yggR,c3536,,,,,,,
yggN,c3544,,,,,,,
yggM,c3542,,,,,,,
yggL,c3546,,,,,,,
yggG,c3521,,,,,,,
yggE,c3500,,,,,,,
yggD,c3512,,,,,,,
yggC,c3511,,,,,,,
yggB,c3502,,,,,,,
ygfZ,c3479,,,,,,,
ygfX,c3476,,,,,,,
ygfU,c3465,,,,,,,
ygfT,c3464,,,,,,,
ygfS,c3463,,,,,,,
ygfP,c3461,,,,,,,
ygfM,c3458,,,,,,,
ygfK,c3456,,,,,,,
ygfJ,c3455,,,,,,,
ygfI,c3499,,,,,,,
ygfB,c3491,,,,,,,
ygfA,c3493,,,,,,,
ygeY,c3450,,,,,,,
ygeX,c3449,,,,,,,
ygeW,c3448,,,,,,,
ygeV,c3447,,,,,,,
ygeT,c3445,,,,,,,
ygeR,c3443,,,,,,,
ygeA,c3437,,,,,,,
ygdR,c3428,,,,,,,
ygdQ,c3427,,,,,,,
ygdL,c3383,,,,,,,
ygdK,c3382,,,,,,,
ygdI,c3380,,,,,,,
ygdD,c3377,,,,,,,
ygdB,c3418,,,,,,,
ygcY,c3352,,,,,,,
ygcX,c3350,,,,,,,
ygcW,c3332,,,,,,,
ygcS,c3330,,,,,,,
ygcR,c3329,,,,,,,
ygcQ,c3328,,,,,,,
ygcO,c3326,,,,,,,
ygcN,c3325,,,,,,,
ygcM,c3324,,,,,,,
ygcG,c3342,,,,,,,
ygcF,queE,c3335,,,,,,
ygcE,c3334,,,,,,,
ygbN,c3301,,,,,,,
ygbM,c3300,,,,,,,
ygbK,c3298,,,,,,,
ygbI,c3296,,,,,,,
ygbE,c3316,,,,,,,
ygbA,c3293,,,,,,,
ygaZ,c3235,,,,,,,
ygaV,c3216,,,,,,,
ygaP,c3217,,,,,,,
ygaM,c3223,,,,,,,
ygaH,c3236,,,,,,,
ygaF,lhgD,c3208,,,,,,
ygaE,c3212,,,,,,,
ygaC,c3222,,,,,,,
yfiR,c3124,,,,,,,
yfiQ,c3109,,,,,,,
yfiP,c3108,,,,,,,
yfiN,c3125,,,,,,,
yfiM,c3111,,,,,,,
yfiL,c3123,,,,,,,
yfiH,c3115,,,,,,,
yfiF,c3106,,,,,,,
yfiE,c3101,,,,,,,
yfiC,c3099,,,,,,,
yfiB,c3126,,,,,,,
yfiA,raiA,c3119,,,,,,
yfhR,c3060,,,,,,,
yfhM,c3043,,,,,,,
yfhL,c3086,,,,,,,
yfhK,c3079,,,,,,,
yfhH,c3085,,,,,,,
yfhG,c3078,,,,,,,
yfhB,c3083,,,,,,,
yfhA,c3077,,,,,,,
yfgM,c3035,,,,,,,
yfgL,bamB,c3034,,,,,,
yfgJ,c3032,,,,,,,
yfgI,c3025,,,,,,,
yfgH,c3024,,,,,,,
yfgF,c3021,,,,,,,
yfgC,bepA,c3011,,,,,,
yffG,c2995,,,,,,,
yffB,c2998,,,,,,,
yfeZ,c2967,,,,,,,
yfeY,c2966,,,,,,,
yfeX,c2965,,,,,,,
yfeR,c2942,,,,,,,
yfeO,c2928,,,,,,,
yfeN,c2941,,,,,,,
yfeK,c2954,,,,,,,
yfeH,c2943,,,,,,,
yfeG,c2971,,,,,,,
yfeD,c2935,,,,,,,
yfeC,c2934,,,,,,,
yfeA,c2933,,,,,,,
yfdZ,c2916,,,,,,,
yfdY,c2914,,,,,,,
yfdV,c2908,,,,,,,
yfdR,c3202,,,,,,,
yfdQ,c3201,,,,,,,
yfdO,c3192,,,,,,,
yfdN,c3191,,,,,,,
yfdK,c0969,,,,,,,
yfdE,c2907,,,,,,,
yfdC,c2892,,,,,,,
yfcZ,c2888,,,,,,,
yfcV,c2884,,,,,,,
yfcU,c2883,,,,,,,
yfcS,c2882,,,,,,,
yfcR,c2881,,,,,,,
yfcQ,c2880,,,,,,,
yfcP,c2879,,,,,,,
yfcO,c2878,,,,,,,
yfcN,c2877,,,,,,,
yfcM,c2872,,,,,,,
yfcL,c2871,,,,,,,
yfcI,c5420,,,,,,,
yfcH,c2847,,,,,,,
yfcG,c2845,,,,,,,
yfcF,c2844,,,,,,,
yfcE,c2843,,,,,,,
yfcD,c2842,,,,,,,
yfcC,c2841,,,,,,,
yfcB,prmB,c2876,,,,,,
yfcA,c2873,,,,,,,
yfbV,c2836,,,,,,,
yfbU,c2835,,,,,,,
yfbT,c2834,,,,,,,
yfbS,c2833,,,,,,,
yfbR,c2832,,,,,,,
yfbM,c2816,,,,,,,
yfbL,c2815,,,,,,,
yfbK,c2813,,,,,,,
yfaZ,c2792,,,,,,,
yfaX,c2790,,,,,,,
yfaV,c2788,,,,,,,
yfaT,c2771,,,,,,,
yfaQ,c2769,,,,,,,
yfaP,c2768,,,,,,,
yfaL,c2775,,,,,,,
yfaE,c2778,,,,,,,
yfaD,c2786,,,,,,,
yfaA,c2772,,,,,,,
yejM,c2726,,,,,,,
yejL,c2725,,,,,,,
yejK,c2724,,,,,,,
yejH,c2721,,,,,,,
yejG,c2718,,,,,,,
yejF,c2717,,,,,,,
yejE,c2716,,,,,,,
yejB,c2715,,,,,,,
yejA,c2714,,,,,,,
yeiW,c2707,,,,,,,
yeiU,lpxT,c2711,,,,,,
yeiT,c2679,,,,,,,
yeiS,c2678,,,,,,,
yeiR,c2710,,,,,,,
yeiQ,c2709,,,,,,,
yeiP,c2708,,,,,,,
yeiO,c2706,,,,,,,
yeiM,c2698,,,,,,,
yeiL,c2697,,,,,,,
yeiI,c2695,,,,,,,
yeiH,c2693,,,,,,,
yeiG,c2689,,,,,,,
yeiE,c2692,,,,,,,
yeiC,c2701,,,,,,,
yeiB,c2687,,,,,,,
yeiA,c2680,,,,,,,
yehZ,c2661,,,,,,,
yehY,c2660,,,,,,,
yehX,c2659,,,,,,,
yehW,c2658,,,,,,,
yehV,c2657,,,,,,,
yehS,c2654,,,,,,,
yehR,c2653,,,,,,,
yehQ,c2652,,,,,,,
yehP,c2651,,,,,,,
yehM,c2650,,,,,,,
yehL,c2649,,,,,,,
yehI,c2644,,,,,,,
yehE,c2640,,,,,,,
yehD,c2638,,,,,,,
yehC,c2637,,,,,,,
yehB,c2636,,,,,,,
yehA,c2635,,,,,,,
yegX,c2629,,,,,,,
yegW,c2628,,,,,,,
yegV,c2627,,,,,,,
yegU,c2626,,,,,,,
yegT,c2625,,,,,,,
yegS,c2614,,,,,,,
yegR,c2613,,,,,,,
yegQ,c2611,,,,,,,
yegP,c2606,,,,,,,
yegL,c2599,,,,,,,
yegK,c2598,,,,,,,
yegI,c2597,,,,,,,
yegH,c2590,,,,,,,
yegE,c2594,,,,,,,
yegD,c2596,,,,,,,
yefM,c2545,,,,,,,
yeeY,c2542,,,,,,,
yeeX,c2534,,,,,,,
yeeW,c2533,,,,,,,
yeeT,c2530,,,,,,,
yeeO,c2448,,,,,,,
yeeN,c2445,,,,,,,
yeeF,c2540,,,,,,,
yeeA,c2536,,,,,,,
yedW,c2387,,,,,,,
yedV,c2386,,,,,,,
yedR,c2382,,,,,,,
yedP,c2373,,,,,,,
yedK,c2346,,,,,,,
yedJ,c2381,,,,,,,
yedI,c2377,,,,,,,
yedF,c2345,,,,,,,
yedE,c2344,,,,,,,
yedD,c2343,,,,,,,
yedA,c2378,,,,,,,
yecR,c2319,,,,,,,
yecN,c2283,,,,,,,
yecM,c2290,,,,,,,
yecK,c2287,,,,,,,
yecJ,c2316,,,,,,,
yecH,c2322,,,,,,,
yecF,c2329,,,,,,,
yecE,c2282,,,,,,,
yecD,c2281,,,,,,,
yecC,c2331,,,,,,,
yecA,c2324,,,,,,,
yebZ,c2250,,,,,,,
yebY,c2249,,,,,,,
yebW,c2246,,,,,,,
yebV,c2245,,,,,,,
yebT,c2243,,,,,,,
yebS,c2242,,,,,,,
yebQ,c2237,,,,,,,
yebO,c2233,,,,,,,
yebL,c2271,,,,,,,
yebK,c2267,,,,,,,
yebI,c2273,,,,,,,
yebH,c2229,,,,,,,
yebG,c2260,,,,,,,
yebF,c2259,,,,,,,
yebE,c2258,,,,,,,
yebC,c2278,,,,,,,
yebB,c2276,,,,,,,
yeaZ,c2211,,,,,,,
yeaY,c2210,,,,,,,
yeaR,c2204,,,,,,,
yeaQ,c2200,,,,,,,
yeaP,c2199,,,,,,,
yeaO,c2197,,,,,,,
yeaN,c2196,,,,,,,
yeaM,c2195,,,,,,,
yeaL,c2194,,,,,,,
yeaK,c2192,,,,,,,
yeaJ,c2191,,,,,,,
yeaI,c2190,,,,,,,
yeaH,c2189,,,,,,,
yeaG,c2188,,,,,,,
yeaF,c2187,,,,,,,
yeaE,c2186,,,,,,,
yeaD,c2185,,,,,,,
yeaC,c2182,,,,,,,
ydjZ,c2153,,,,,,,
ydjY,c2152,,,,,,,
ydjX,c2151,,,,,,,
ydjN,c2128,,,,,,,
ydjM,c2127,,,,,,,
ydjL,c2181,,,,,,,
ydjK,c2179,,,,,,,
ydjJ,c2178,,,,,,,
ydjI,c2177,,,,,,,
ydjH,c2176,,,,,,,
ydjG,c2175,,,,,,,
ydjF,c2174,,,,,,,
ydjE,c2173,,,,,,,
ydjB,c2172,,,,,,,
ydjA,c2168,,,,,,,
ydiZ,c2123,,,,,,,
ydiY,c2120,,,,,,,
ydiV,c2103,,,,,,,
ydiT,c2096,,,,,,,
ydiS,c2095,,,,,,,
ydiR,c2094,,,,,,,
ydiQ,c2093,,,,,,,
ydiP,c2091,,,,,,,
ydiO,c2090,,,,,,,
ydiN,c2086,,,,,,,
ydiM,c2085,,,,,,,
ydiL,c2084,,,,,,,
ydiK,c2083,,,,,,,
ydiJ,c2082,,,,,,,
ydiI,menI,c2081,,,,,,
ydiH,c2080,,,,,,,
ydiF,c2089,,,,,,,
ydiE,c2101,,,,,,,
ydiD,c2097,,,,,,,
ydiC,c2079,,,,,,,
ydiB,c2087,,,,,,,
ydhW,c2066,,,,,,,
ydhV,c2067,,,,,,,
ydhU,c2064,,,,,,,
ydhT,c2062,,,,,,,
ydhS,c2060,,,,,,,
ydhQ,c2058,,,,,,,
ydhP,c2051,,,,,,,
ydhO,c2049,,,,,,,
ydhL,c2040,,,,,,,
ydhK,c2037,,,,,,,
ydhJ,c2036,,,,,,,
ydhI,c2035,,,,,,,
ydhF,c2039,,,,,,,
ydhC,c2054,,,,,,,
ydhB,c2053,,,,,,,
ydhA,c2031,,,,,,,
ydgK,c2018,,,,,,,
ydgJ,c2016,,,,,,,
ydgI,c1997,,,,,,,
ydgH,c1996,,,,,,,
ydgC,c1999,,,,,,,
ydgA,c2006,,,,,,,
ydfZ,c1967,,,,,,,
ydfR,c1434,,,,,,,
ydfP,c3179,,,,,,,
ydfO,c1440,,,,,,,
ydfM,c0649,,,,,,,
ydfK,c3145,,,,,,,
ydfJ,c1969,,,,,,,
ydfH,c1966,,,,,,,
ydfG,c1965,,,,,,,
ydfD,c1404,,,,,,,
ydfC,c1407,,,,,,,
ydfB,c1408,,,,,,,
ydfA,c1409,,,,,,,
ydeU,c2894,,,,,,,
ydeS,c1933,,,,,,,
ydeR,c1932,,,,,,,
ydeQ,c1931,,,,,,,
ydeP,c1930,,,,,,,
ydeO,c1928,,,,,,,
ydeN,c1927,,,,,,,
ydeM,c1926,,,,,,,
ydeH,c1963,,,,,,,
ydeF,c1962,,,,,,,
ydeD,c1961,,,,,,,
yddR,c5080,,,,,,,
yddQ,c5079,,,,,,,
yddO,c5077,,,,,,,
yddM,c1909,,,,,,,
yddH,c1894,,,,,,,
yddG,c1902,,,,,,,
yddE,c1896,,,,,,,
yddB,c1924,,,,,,,
yddA,c1925,,,,,,,
ydcZ,c1872,,,,,,,
ydcY,c1871,,,,,,,
ydcV,c1867,,,,,,,
ydcU,c1866,,,,,,,
ydcT,c1865,,,,,,,
ydcS,c1864,,,,,,,
ydcR,c1863,,,,,,,
ydcP,c1859,,,,,,,
ydcO,c1857,,,,,,,
ydcN,c1858,,,,,,,
ydcM,c3804,,,,,,,
ydcL,c1856,,,,,,,
ydcK,c1852,,,,,,,
ydcJ,c1848,,,,,,,
ydcH,c1850,,,,,,,
ydcF,c1841,,,,,,,
ydcA,c1845,,,,,,,
ydbL,c1830,,,,,,,
ydbK,c1823,,,,,,,
ydbJ,c1825,,,,,,,
ydbH,c1828,,,,,,,
ydbC,c1832,,,,,,,
ydaM,c1815,,,,,,,
ydaL,c1814,,,,,,,
ycjX,c1793,,,,,,,
ycjW,c1792,,,,,,,
ycjV,c1790,,,,,,,
ycjU,c1789,,,,,,,
ycjT,c1788,,,,,,,
ycjS,c1787,,,,,,,
ycjR,c1786,,,,,,,
ycjQ,c1785,,,,,,,
ycjP,c1784,,,,,,,
ycjO,c1783,,,,,,,
ycjN,c1782,,,,,,,
ycjM,c1780,,,,,,,
ycjG,c1797,,,,,,,
ycjF,c1794,,,,,,,
yciZ,c1755,,,,,,,
yciY,c1714,,,,,,,
yciW,c1758,,,,,,,
yciU,c1712,,,,,,,
yciT,c1754,,,,,,,
yciS,lapA,c1748,,,,,,
yciR,c1756,,,,,,,
yciQ,c1733,,,,,,,
yciO,c1732,,,,,,,
yciN,c1739,,,,,,,
yciK,c1736,,,,,,,
yciI,c1716,,,,,,,
yciH,c1751,,,,,,,
yciF,c1724,,,,,,,
yciE,c1723,,,,,,,
yciC,c1721,,,,,,,
yciB,c1720,,,,,,,
yciA,c1719,,,,,,,
ychP,c1680,,,,,,,
ychN,c1679,,,,,,,
ychM,c1664,,,,,,,
ychK,c1698,,,,,,,
ychJ,c1697,,,,,,,
ychH,c1663,,,,,,,
ychF,c1661,,,,,,,
ychE,c1706,,,,,,,
ychA,c1672,,,,,,,
ycgZ,c1607,,,,,,,
ycgX,c1603,,,,,,,
ycgT,c1658,,,,,,,
ycgR,c1644,,,,,,,
ycgN,c1629,,,,,,,
ycgL,c1627,,,,,,,
ycgK,c1626,,,,,,,
ycgJ,c1625,,,,,,,
ycgF,c1606,,,,,,,
ycgE,c1604,,,,,,,
ycgC,c1656,,,,,,,
ycgB,c1637,,,,,,,
ycfZ,c1396,,,,,,,
ycfT,c1390,,,,,,,
ycfS,c1387,,,,,,,
ycfQ,c1385,,,,,,,
ycfP,c1381,,,,,,,
ycfM,lpoB,c1378,,,,,,
ycfL,c1377,,,,,,,
ycfJ,c1383,,,,,,,
ycfH,c1372,,,,,,,
ycfF,c1376,,,,,,,
ycfD,c1480,,,,,,,
yceQ,c1354,,,,,,,
yceO,c1325,,,,,,,
yceK,c1316,,,,,,,
yceI,c1322,,,,,,,
yceH,c1334,,,,,,,
yceG,mltG,c1369,,,,,,
yceF,c1356,,,,,,,
yceD,c1358,,,,,,,
yceB,c1330,,,,,,,
yceA,c1321,,,,,,,
ycdZ,c1298,,,,,,,
ycdY,c1297,,,,,,,
ycdX,c1296,,,,,,,
ycdT,c1164,,,,,,,
ycdS,c1163,,,,,,,
ycdR,c1162,,,,,,,
ycdQ,c1161,,,,,,,
ycdP,c1160,,,,,,,
ycdI,c1847,,,,,,,
ycdG,c1143,,,,,,,
yccX,c1106,,,,,,,
yccT,c1101,,,,,,,
yccS,c1097,,,,,,,
yccR,c1096,,,,,,,
yccM,c1127,,,,,,,
yccJ,c1139,,,,,,,
yccF,c1098,,,,,,,
yccA,c1110,,,,,,,
ycbX,c1083,,,,,,,
ycbW,zapC,c1082,,,,,,
ycbS,c4212,,,,,,,
ycbP,c1080,,,,,,,
ycbO,c1079,,,,,,,
ycbM,c1077,,,,,,,
ycbL,c1069,,,,,,,
ycbK,c1068,,,,,,,
ycbJ,c1060,,,,,,,
ycbC,c1061,,,,,,,
ycbB,c1067,,,,,,,
ycaR,c1058,,,,,,,
ycaQ,c1057,,,,,,,
ycaP,c1044,,,,,,,
ycaO,c1043,,,,,,,
ycaL,c1047,,,,,,,
ycaI,c1052,,,,,,,
ycaD,c1037,,,,,,,
ycaC,c1034,,,,,,,
ybjX,c1012,,,,,,,
ybjU,c1003,,,,,,,
ybjT,c1002,,,,,,,
ybjR,c1000,,,,,,,
ybjQ,c0999,,,,,,,
ybjP,c0998,,,,,,,
ybjO,c0991,,,,,,,
ybjN,c0986,,,,,,,
ybjM,c0981,,,,,,,
ybjL,c0980,,,,,,,
ybjK,c0931,,,,,,,
ybjJ,c0930,,,,,,,
ybjH,c0928,,,,,,,
ybjG,c0926,,,,,,,
ybjE,c1007,,,,,,,
ybjD,c1011,,,,,,,
ybjC,c0983,,,,,,,
ybiX,c0889,,,,,,,
ybiW,c0908,,,,,,,
ybiV,c0907,,,,,,,
ybiT,c0906,,,,,,,
ybiS,c0905,,,,,,,
ybiR,c0904,,,,,,,
ybiP,c0901,,,,,,,
ybiO,c0893,,,,,,,
ybiM,c0891,,,,,,,
ybiK,c0913,,,,,,,
ybiJ,c0886,,,,,,,
ybiH,c0879,,,,,,,
ybiC,c0885,,,,,,,
ybiB,c0884,,,,,,,
ybhS,c0876,,,,,,,
ybhR,c0875,,,,,,,
ybhQ,c0874,,,,,,,
ybhP,c0873,,,,,,,
ybhN,c0871,,,,,,,
ybhM,c0870,,,,,,,
ybhL,c0868,,,,,,,
ybhK,c0861,,,,,,,
ybhJ,c0848,,,,,,,
ybhI,c0847,,,,,,,
ybhH,c0846,,,,,,,
ybhG,c0878,,,,,,,
ybhF,c0877,,,,,,,
ybhD,c0845,,,,,,,
ybhC,c0849,,,,,,,
ybhB,c0850,,,,,,,
ybhA,c0843,,,,,,,
ybgS,c0829,,,,,,,
ybgK,c0791,,,,,,,
ybgJ,c0790,,,,,,,
ybgI,c0789,,,,,,,
ybgH,dtpD,c0788,,,,,,
ybgF,c0822,,,,,,,
ybgE,c0814,,,,,,,
ybgC,c0815,,,,,,,
ybgA,c0786,,,,,,,
ybfN,c0769,,,,,,,
ybfM,c0768,,,,,,,
ybfF,c0773,,,,,,,
ybfE,c0772,,,,,,,
ybfA,c0785,,,,,,,
ybeZ,c0745,,,,,,,
ybeY,c0744,,,,,,,
ybeW,c2164,,,,,,,
ybeM,c0716,,,,,,,
ybeL,c0734,,,,,,,
ybeJ,c0739,,,,,,,
ybeD,c0721,,,,,,,
ybdS,c0700,,,,,,,
ybdO,c0691,,,,,,,
ybdL,c0688,,,,,,,
ybdK,c0667,,,,,,,
ybdJ,c0666,,,,,,,
ybdH,c0687,,,,,,,
ybdG,c0663,,,,,,,
ybdF,c0665,,,,,,,
ybdD,c0686,,,,,,,
ybcU,c1564,,,,,,,
ybcS,c1562,,,,,,,
ybcQ,c1559,,,,,,,
ybcM,c2349,,,,,,,
ybcL,c2350,,,,,,,
ybcJ,c0644,,,,,,,
ybcI,c0643,,,,,,,
ybcH,c0653,,,,,,,
ybbZ,c0628,,,,,,,
ybbY,c0627,,,,,,,
ybbW,c0625,,,,,,,
ybbQ,c0624,,,,,,,
ybbP,c0617,,,,,,,
ybbO,c0614,,,,,,,
ybbN,c0613,,,,,,,
ybbL,c0611,,,,,,,
ybbJ,c0609,,,,,,,
ybbA,c0616,,,,,,,
ybaZ,c0573,,,,,,,
ybaY,c0572,,,,,,,
ybaW,c0559,,,,,,,
ybaV,c0558,,,,,,,
ybaT,c0606,,,,,,,
ybaR,c0604,,,,,,,
ybaQ,c0603,,,,,,,
ybaP,c0602,,,,,,,
ybaN,c0587,,,,,,,
ybaM,c0585,,,,,,,
ybaL,c0598,,,,,,,
ybaK,c0601,,,,,,,
ybaE,c0561,,,,,,,
ybaB,c0591,,,,,,,
ybaA,c0574,,,,,,,
yajR,c0538,,,,,,,
yajQ,c0537,,,,,,,
yajO,c0530,,,,,,,
yajI,c0522,,,,,,,
yajG,c0546,,,,,,,
yajD,c0520,,,,,,,
yajC,c0517,,,,,,,
yaiZ,c0486,,,,,,,
yaiY,c0484,,,,,,,
yaiW,c0483,,,,,,,
yaiV,iprA,c0479,,,,,,
yaiL,c0462,,,,,,,
yaiI,c0494,,,,,,,
yaiH,c0480,,,,,,,
yaiA,c0496,,,,,,,
yahO,c0449,,,,,,,
yahN,c0448,,,,,,,
yahK,c0447,,,,,,,
yahJ,c0445,,,,,,,
yahE,c0440,,,,,,,
yahD,c0439,,,,,,,
yahC,c0437,,,,,,,
yahB,c0436,,,,,,,
yagU,c0399,,,,,,,
yafV,c0369,,,,,,,
yafS,c0250,,,,,,,
yafP,c0380,,,,,,,
yafL,c0376,,,,,,,
yafK,c0374,,,,,,,
yafJ,c0373,,,,,,,
yafH,c0371,,,,,,,
yafE,c0247,,,,,,,
yafD,c0246,,,,,,,
yafC,c0245,,,,,,,
yafB,c0244,,,,,,,
yaeR,c0225,,,,,,,
yaeQ,c0229,,,,,,,
yaeP,c0228,,,,,,,
yaeO,c0227,,,,,,,
yaeL,c0213,,,,,,,
yaeJ,c0230,,,,,,,
yaeH,c0200,,,,,,,
yaeG,c0199,,,,,,,
yaeF,c0234,,,,,,,
yaeE,c0239,,,,,,,
yaeC,c0238,,,,,,,
yaeB,c0236,,,,,,,
yadS,c0193,,,,,,,
yadP,thpR,c0180,,,,,,
yadN,c0172,,,,,,,
yadM,c0169,,,,,,,
yadL,c0168,,,,,,,
yadK,c0167,,,,,,,
yadI,c0158,,,,,,,
yadH,c0157,,,,,,,
yadG,c0156,,,,,,,
yadF,c0155,,,,,,,
yadE,c0159,,,,,,,
yadD,c0162,,,,,,,
yadC,c0166,,,,,,,
yacL,c0148,,,,,,,
yacK,c0152,,,,,,,
yacH,c0146,,,,,,,
yacG,c0121,,,,,,,
yacC,c0151,,,,,,,
yabK,c0083,,,,,,,
yabI,c0081,,,,,,,
yaaY,c0028,,,,,,,
yaaX,c0007,,,,,,,
yaaW,c0016,,,,,,,
yaaU,c0055,,,,,,,
yaaJ,c0011,,,,,,,
yaaI,c0017,,,,,,,
yaaH,c0015,,,,,,,
yaaA,c0010,,,,,,,
xylR,c4389,,,,,,,
xylH,c4388,,,,,,,
xylG,c4387,,,,,,,
xylF,c4386,,,,,,,
xylB,c4384,,,,,,,
xylA,c4385,,,,,,,
xthA,c2150,,,,,,,
xseB,c0533,,,,,,,
xseA,c3028,,,,,,,
xni,ygdG,c3366,,,,,,
xisN,c1401,,,,,,,
xerD,c3474,,,,,,,
xerC,c4732,,,,,,,
xapR,c2937,,,,,,,
xapB,c2939,,,,,,,
xapA,c2940,,,,,,,
xanQ,c3460,,,,,,,
xanP,c4479,,,,,,,
wzzE,c4705,,,,,,,
wzzB,c2554,,,,,,,
wzyE,wzy,c4715,,,,,,
wzxE,c4713,,,,,,,
wzxC,c2571,,,,,,,
wecG,rffM,c4716,,,,,,
wecF,rffT,c4714,,,,,,
wecE,c4711,,,,,,,
wecD,c4710,,,,,,,
wecC,c4707,,,,,,,
wecB,c4706,,,,,,,
wecA,rfe,c4704,,,,,,
wcaM,c2568,,,,,,,
wcaL,c2569,,,,,,,
wcaK,c2570,,,,,,,
wcaJ,c2572,,,,,,,
wcaI,c2576,,,,,,,
wcaH,gmm,c2577,,,,,,
wcaG,fcl,c2578,,,,,,
wcaF,c2580,,,,,,,
wcaE,c2581,,,,,,,
wcaD,c2582,,,,,,,
wcaC,c2583,,,,,,,
wcaB,c2584,,,,,,,
wcaA,c2585,,,,,,,
waaW,c4450,,,,,,,
waaV,c4449,,,,,,,
waaL,c4448,,,,,,,
waaA,kdtA,c4457,,,,,,
vsr,c2379,,,,,,,
visC,c3488,,,,,,,
viaA,c4673,,,,,,,
ves,c2141,,,,,,,
valS,c5358,,,,,,,
vacJ,c2890,,,,,,,
vacB,rnr,c5263,,,,,,
uxuR,c5404,,,,,,,
uxuB,c5403,,,,,,,
uxuA,c5402,,,,,,,
uxaC,c3850,,,,,,,
uxaA,c3849,,,,,,,
uvrY,c2327,,,,,,,
uvrD,c4734,,,,,,,
uvrC,c2326,,,,,,,
uvrB,c0860,,,,,,,
uvrA,c5048,,,,,,,
uup,c1085,,,,,,,
uspG,c0696,,,,,,,
uspF,c1821,,,,,,,
uspE,c1806,,,,,,,
uspD,c4875,,,,,,,
uspC,c2309,,,,,,,
uspB,c4292,,,,,,,
uspA,c4293,,,,,,,
ushA,c0600,,,,,,,
usg,c2864,,,,,,,
uraA,c3014,,,,,,,
uppS,c0211,,,,,,,
uppP,bacA,upk,c3807,,,,,
upp,c3015,,,,,,,
upaG,c4424,,,,,,,
ung,c3105,,,,,,,
umuD,c1631,,,,,,,
umuC,c1632,,,,,,,
ulaR,c5279,,,,,,,
ulaG,c5280,,,,,,,
ulaF,c5288,,,,,,,
ulaE,c5287,,,,,,,
ulaD,c5285,,,,,,,
ulaC,c5284,,,,,,,
ulaB,c5283,,,,,,,
ulaA,c5281,,,,,,,
uidR,c2010,,,,,,,
uidC,c2007,,,,,,,
uidB,c2008,,,,,,,
uidA,c2009,,,,,,,
uhpT,c4590,,,,,,,
uhpC,c4591,,,,,,,
uhpB,c4592,,,,,,,
uhpA,c4593,,,,,,,
ugpQ,c4238,,,,,,,
ugpE,c4240,,,,,,,
ugpC,c4239,,,,,,,
ugpB,c4242,,,,,,,
ugpA,c4241,,,,,,,
ugd,c2555,,,,,,,
udp,c4773,,,,,,,
udk,c2593,,,,,,,
ucpA,c2960,,,,,,,
ubiX,c2855,,,,,,,
ubiT,yhbT,c3910,,,,,,
ubiH,c3489,,,,,,,
ubiG,c2774,,,,,,,
ubiE,c4782,,,,,,,
ubiD,c4790,,,,,,,
ubiC,c5009,,,,,,,
ubiB,aarF,c4784,,,,,,
ubiA,c5010,,,,,,,
tyrS,c2029,,,,,,,
tyrR,c1795,,,,,,,
tyrP,c2323,,,,,,,
tyrB,c5031,,,,,,,
tyrA,c3121,,,,,,,
tusE,c1107,,,,,,,
tusD,c4119,,,,,,,
tusC,c4118,,,,,,,
tusB,c4117,,,,,,,
tusA,c4263,,,,,,,
tus,c2002,,,,,,,
tufA,c4111;,tufB,c4935,,,,,
ttdT,c3814,,,,,,,
ttdR,c3810,,,,,,,
ttdB,c3813,,,,,,,
ttdA,c3812,,,,,,,
ttcA,c1818,,,,,,,
tsx,c0521,,,,,,,
tsr,c5430,,,,,,,
tsgA,c4139,,,,,,,
tsf,c0206,,,,,,,
tsaD,gcp,c3815,,,,,,
tsaC,rimN,c4043,,,,,,
trxC,c3107,,,,,,,
trxB,c1025,,,,,,,
trxA,c4701,,,,,,,
truD,c3312,,,,,,,
truC,c3357,,,,,,,
truB,c3922,,,,,,,
truA,c2863,,,,,,,
trpS,c4154,,,,,,,
trpR,c5480,,,,,,,
trpL,c5494,,,,,,,
trpH,c1731,,,,,,,
trpE,c1730,,,,,,,
trpD,c1729,,,,,,,
trpB,c1726,,,,,,,
trpA,c1725,,,,,,,
trmL,yibK,c4428,,,,,,
trmJ,c3058,,,,,,,
trmD,c3128,,,,,,,
trmB,c3547,,,,,,,
trmA,c4928,,,,,,,
trkH,c4796,,,,,,,
trkA,c4050,,,,,,,
treR,c5340,,,,,,,
treF,c4330,,,,,,,
treC,c5338,,,,,,,
treB,c5339,,,,,,,
treA,c1654,,,,,,,
tpx,c1796,,,,,,,
tpiA,tpi,c4871,,,,,,
torZ,bisZ,c2286,,,,,,
torT,c1130,,,,,,,
torS,c1128,,,,,,,
torR,c1131,,,,,,,
torD,c1134,,,,,,,
torC,c1132,,,,,,,
torA,c1133,,,,,,,
topB,c2166,,,,,,,
topA,c1741,,,,,,,
tonB,c1717,,,,,,,
tomB,c0579,,,,,,,
tolR,c0817,,,,,,,
tolQ,c0816,,,,,,,
tolC,c3781,,,,,,,
tolB,c0819,,,,,,,
tolA,c0818,,,,,,,
tnaL,c5499,,,,,,,
tnaB,c4632,,,,,,,
tnaA,c4631,,,,,,,
tmk,c1370,,,,,,,
tldD,c3999,,,,,,,
tktB,c2990,,,,,,,
tktA,c3520,,,,,,,
tilS,mesJ,c0226,,,,,,
tig,c0551,,,,,,,
thyA,c3422,,,,,,,
thrS,c2116,,,,,,,
thrL,c5491,,,,,,,
thrC,c0005,,,,,,,
thrB,c0004,,,,,,,
thrA,c0003,,,,,,,
thiS,c4948,,,,,,,
thiQ,c0082,,,,,,,
thiM,c2631,,,,,,,
thiL,c0528,,,,,,,
thiK,c1379,,,,,,,
thiJ,c0535,,,,,,,
thiI,c0534,,,,,,,
thiH,c4946,,,,,,,
thiG,c4947,,,,,,,
thiF,c4949,,,,,,,
thiE,c4950,,,,,,,
thiD,c2630,,,,,,,
thiC,c4951,,,,,,,
tgt,c0516,,,,,,,
tesB,c0571,,,,,,,
tesA,c0615,,,,,,,
tehB,c1854,,,,,,,
tehA,c1853,,,,,,,
tdk,c1703,,,,,,,
tdh,c4443,,,,,,,
tdcR,c3877,,,,,,,
tdcF,c3871,,,,,,,
tdcE,c3872,,,,,,,
tdcD,c3873,,,,,,,
tdcD,ackA,c4530,,,,,,
tdcC,c3874,,,,,,,
tdcB,c3875,,,,,,,
tdcA,c3876,,,,,,,
tcyL,yecS,c2332,,,,,,
tcyJ,fliY,c2335,,,,,,
TcpC,c2398,,,,,,,
tbpA,c0084,,,,,,,
tauD,c0476,,,,,,,
tauC,c0475,,,,,,,
tauB,c0473,,,,,,,
tauA,c0472,,,,,,,
tatE,c0717,,,,,,,
tatC,mttB,c4787,,,,,,
tatB,c4786,,,,,,,
tatA,mttA1,c4785,,,,,,
tar,c2301,,,,,,,
tam,c1942,,,,,,,
talB,c0012,,,,,,,
talA,c2989,,,,,,,
tag,c4367,,,,,,,
tadA,c3082,,,,,,,
symE,c5422,,,,,,,
syd,c3359,,,,,,,
surE,c3311,,,,,,,
surA,c0066,,,,,,,
sulA,c1095,,,,,,,
suhB,c3059,,,,,,,
sufS,c2075,,,,,,,
sufI,ftsP,c3757,,,,,,
sufE,c2074,,,,,,,
sucD,c0806,,,,,,,
sucD,c5037,,,,,,,
sucC,c0805,,,,,,,
sucC,c5036,,,,,,,
sucB,c0804,,,,,,,
sucA,c0803,,,,,,,
stpA,c3218,,,,,,,
sthA,udhA,c4923,,,,,,
ssuD,ycbN,c1078,,,,,,
ssuB,c1076,,,,,,,
sstT,c3847,,,,,,,
sspB,c3981,,,,,,,
sspA,c3982,,,,,,,
sseB,c3047,,,,,,,
sseA,c3044,,,,,,,
ssb,c5049,,,,,,,
srmB,c3100,,,,,,,
srlR,c3261,,,,,,,
srlE,c3257,,,,,,,
srlD,c3259,,,,,,,
srlB,c3258,,,,,,,
srlA,c3256,,,,,,,
srkA,c4803,,,,,,,
sra,rpsV,c1913,,,,,,
spy,c2143,,,,,,,
sprT,c3530,,,,,,,
sppA,c2170,,,,,,,
spoU,trmH,c4476,,,,,,
spoT,c4475,,,,,,,
speG,c1974,,,,,,,
speF,c0777,,,,,,,
speE,c0150,,,,,,,
speD,c0149,,,,,,,
speC,c3553,,,,,,,
speB,c3522,,,,,,,
speA,c3524,,,,,,,
soxS,c5053,,,,,,,
soxR,c5054,,,,,,,
sotB,c1950,,,,,,,
solA,c1326,,,,,,,
sohB,c1737,,,,,,,
sodC,c2038,,,,,,,
sodB,c2050,,,,,,,
sodA,c4859,,,,,,,
smtA,cmoM,c1063,,,,,,
sms,radA,c5474,,,,,,
smpB,smqB,c3142,,,,,,
smp,c5472,,,,,,,
smg,c4045,,,,,,,
smf,c4046,,,,,,,
slyX,c4122,,,,,,,
slyD,c4123,,,,,,,
slyB,c2033,,,,,,,
slyA,c2034,,,,,,,
slt,c5479,,,,,,,
slp,c4304,,,,,,,
slmA,c4465,,,,,,,
skp,hlpA,c0215,,,,,,
sitD,c1597,,,,,,,
sitC,c1598,,,,,,,
sitB,c1599,,,,,,,
sitA,c1600,,,,,,,
shiF,c3628,,,,,,,
shiA,c2443,,,,,,,
sgrR,c0085,,,,,,,
sgbU,c4405,,,,,,,
sgbH,c4404,,,,,,,
sgbE,c4406,,,,,,,
sfsB,c3946,,,,,,,
sfsA,c0179,,,,,,,
sfaD,c1240,,,,,,,
sfaC,c1237,,,,,,,
sfaB,c1238,,,,,,,
serS,c1030,,,,,,,
serC,c1045,,,,,,,
serB,c5473,,,,,,,
serA,c3494,,,,,,,
seqA,c0774,,,,,,,
selU,c0618,,,,,,,
selO,c2102,,,,,,,
selD,c2167,,,,,,,
selB,c4411,,,,,,,
selA,c4412,,,,,,,
secY,c4061,,,,,,,
secM,c0115,,,,,,,
secG,c3931,,,,,,,
secF,c0519,,,,,,,
secE,c4936,,,,,,,
secD,c0518,,,,,,,
secB,c4432,,,,,,,
secA,c0116,,,,,,,
sdiA,c2330,,,,,,,
sdhE,ygfY,c3477,,,,,,
sdhD,c0800,,,,,,,
sdhC,c0798,,,,,,,
sdhB,c0802,,,,,,,
sdhA,c0801,,,,,,,
sdaC,c3364,,,,,,,
sdaB,c3365,,,,,,,
sdaA,c2219,,,,,,,
sbp,c4869,,,,,,,
sbmC,c2537,,,,,,,
sbmA,c0482,,,,,,,
sbcD,c0506,,,,,,,
sbcC,c0505,,,,,,,
sbcB,c2539,,,,,,,
sat,c3619,,,,,,,
sapF,c1767,,,,,,,
sapD,c1768,,,,,,,
sapC,c1769,,,,,,,
sapB,c1770,,,,,,,
sapA,c1771,,,,,,,
sanA,c2677,,,,,,,
safA,c1929,,,,,,,
ruvC,c2277,,,,,,,
ruvB,c2274,,,,,,,
ruvA,c2275,,,,,,,
rutR,c1150,,,,,,,
rutF,c1144,,,,,,,
rutE,c1145,,,,,,,
rutD,c1146,,,,,,,
rutC,c1147,,,,,,,
rutB,c1148,,,,,,,
rutA,c1149,,,,,,,
rusA,c1557,,,,,,,
rtn,c2713,,,,,,,
rtcR,c4199,,,,,,,
rtcB,c4198,,,,,,,
rtcA,c4197,,,,,,,
rsxG,c2023,,,,,,,
rsxE,c2024,,,,,,,
rsxD,c2022,,,,,,,
rsxC,c2021,,,,,,,
rsxB,c2020,,,,,,,
rsxA,c2019,,,,,,,
rsuA,c2720,,,,,,,
rstB,c2001,,,,,,,
rstA,c2000,,,,,,,
rspB,c1970,,,,,,,
rspA,c1971,,,,,,,
rsmJ,yhiQ,c4296,,,,,,
rsmH,mraW,c0100,,,,,,
rsmG,c4668,,,,,,,
rsmF,c2244,,,,,,,
rsmE,c3532,,,,,,,
rsmD,c4258,,,,,,,
rsmC,c5450,,,,,,,
rsmB,rrmB,sun,c4049,,,,,
rsmA,ksgA,c0064,,,,,,
rsgA,c5248,,,,,,,
rsfS,ybeB,c0728,,,,,,
rseC,c3094,,,,,,,
rseB,c3095,,,,,,,
rseA,mclA,c3096,,,,,,
rsd,c4952,,,,,,,
rraA,menG,c4881,,,,,,
rpsU,c3816,,,,,,,
rpsT,c0027,,,,,,,
rpsS,c4083,,,,,,,
rpsR,c5292,,,,,,,
rpsQ,c4076,,,,,,,
rpsP,c3130,,,,,,,
rpsO,c3921,,,,,,,
rpsN,c4071,,,,,,,
rpsM,c4060,,,,,,,
rpsL,strA,c4116,,,,,,
rpsK,c4058,,,,,,,
rpsJ,nusE,c4092,,,,,,
rpsI,c3984,,,,,,,
rpsH,c4070,,,,,,,
rpsG,c4114,,,,,,,
rpsF,c5291,,,,,,,
rpsE,c4065,,,,,,,
rpsD,ramA,c4057,,,,,,
rpsC,c4080,,,,,,,
rpsB,c0204,,,,,,,
rpsA,c1049,,,,,,,
rppH,nudH,c3425,,,,,,
rpoZ,c4474,,,,,,,
rpoN,c3962,,,,,,,
rpoH,c4254,,,,,,,
rpoE,c3097,,,,,,,
rpoD,c3821,,,,,,,
rpoC,c4945,,,,,,,
rpoB,c4944,,,,,,,
rpoA,c4056,,,,,,,
rpmJ2,c0406,,,,,,,
rpmH,rimA,ssaF,c4627,,,,,
rpmG,c4460,,,,,,,
rpmE2,c0407,,,,,,,
rpmE,c4889.1,,,,,,,
rpmD,c4063,,,,,,,
rpmC,c4077,,,,,,,
rpmB,c4461,,,,,,,
rpmA,c3942,,,,,,,
rplY,c2722,,,,,,,
rplX,c4073,,,,,,,
rplW,c4087,,,,,,,
rplV,c4082,,,,,,,
rplT,c2113,,,,,,,
rplS,c3127,,,,,,,
rplR,c4066,,,,,,,
rplQ,c4055,,,,,,,
rplP,c4079,,,,,,,
rplO,c4062,,,,,,,
rplN,c4075,,,,,,,
rplM,c3985,,,,,,,
rplL,c4943,,,,,,,
rplK,c4939,,,,,,,
rplJ,c4941,,,,,,,
rplI,c5294,,,,,,,
rplF,c4068,,,,,,,
rplE,c4072,,,,,,,
rplD,c4089,,,,,,,
rplC,c4091,,,,,,,
rplB,c4085,,,,,,,
rplA,c4940,,,,,,,
rpiR,c5095,,,,,,,
rpiB,c5096,,,,,,,
rpiA,c3495,,,,,,,
rph,c4467,,,,,,,
rpe,c4156,,,,,,,
rodZ,c3038,,,,,,,
rob,c5483,,,,,,,
rnt,c2045,,,,,,,
rnpA,c4628,,,,,,,
rnk,c0698,,,,,,,
rnhB,c0220,,,,,,,
rnhA,c0251,,,,,,,
rng,cafA,c4001,,,,,,
rne,c1353,,,,,,,
rnd,c2208,,,,,,,
rnc,c3091,,,,,,,
rnb,c1757,,,,,,,
rna,c0699,,,,,,,
rluF,c4988,,,,,,,
rluE,c1514,,,,,,,
rluD,sfhB,c3116,,,,,,
rluC,c1355,,,,,,,
rluB,c1734,,,,,,,
rluA,c0069,,,,,,,
rlpA,c0724,,,,,,,
rlmN,c3039,,,,,,,
rlmM,c3376,,,,,,,
rlmL,c1084,,,,,,,
rlmI,c1105,,,,,,,
rlmH,c0727,,,,,,,
rlmG,c3842,,,,,,,
rlmF,c0892,,,,,,,
rlmE,ftsJ,rrmJ,c3936,,,,,
rlmD,rumA,c3348,,,,,,
rlmC,rumB,c0992,,,,,,
rlmB,c5264,,,,,,,
rimP,c3927,,,,,,,
rimO,c0920,,,,,,,
rimM,c3129,,,,,,,
rimL,c1851,,,,,,,
rimK,c0985,,,,,,,
rimJ,c1333,,,,,,,
rimI,c5453,,,,,,,
rihC,c0035.1,,,,,,,
rihB,c2696,,,,,,,
rihA,c0735,,,,,,,
ribH,ribE,c0525,,,,,,
ribF,c0029,,,,,,,
ribE,c2056,,,,,,,
ribD,c0524,,,,,,,
ribB,c3795,,,,,,,
ribA,c1746,,,,,,,
rhtB,c4746,,,,,,,
rhtA,c0899,,,,,,,
rhoL,c5501,,,,,,,
rho,c4702,,,,,,,
rhmD,c2789,,,,,,,
rhmA,c2787,,,,,,,
rhlE,c0880,,,,,,,
rhlB,c4700,,,,,,,
rhaT,c4857,,,,,,,
rhaS,c4855,,,,,,,
rhaR,c4856,,,,,,,
rhaM,c4850,,,,,,,
rhaD,c4851,,,,,,,
rhaB,c4853,,,,,,,
rhaA,c4852,,,,,,,
rffH,c4709,,,,,,,
rffG,c4708,,,,,,,
rfaY,c4451,,,,,,,
rfaQ,c4456,,,,,,,
rfaP,c4454,,,,,,,
rfaJ,c4452,,,,,,,
rfaI,c4453,,,,,,,
rfaH,c4789,,,,,,,
rfaG,c4455,,,,,,,
rfaF,c4446,,,,,,,
rfaC,c4447,,,,,,,
rep,c4698,,,,,,,
relA,c3347,,,,,,,
recX,c3252,,,,,,,
recR,c0592,,,,,,,
recQ,c4744,,,,,,,
recO,c3089,,,,,,,
recN,c3138,,,,,,,
recJ,c3472,,,,,,,
recG,c4477,,,,,,,
recF,uvrF,c4622,,,,,,
recE,c1402,,,,,,,
recD,c3413,,,,,,,
recC,c3416,,,,,,,
recB,c3414,,,,,,,
recA,c3253,,,,,,,
rdgC,c0502,,,,,,,
rdgB,yggV,c3540,,,,,,
rcsF,c0237,,,,,,,
rcsC,c2761,,,,,,,
rcsB,c2760,,,,,,,
rcsA,c2369,,,,,,,
rcnR,c2632,,,,,,,
rcnB,c2634,,,,,,,
rcnA,c2633,,,,,,,
rbsR,c4681,,,,,,,
rbsK,c4680,,,,,,,
rbsK,c0331,,,,,,,
rbsK,c2492,,,,,,,
rbsD,c4676,,,,,,,
rbsC,c4678,,,,,,,
rbsB,c4679,,,,,,,
rbsA,c4677,,,,,,,
rbn,elaC,rnz,c2812,,,,,
rbfA,c3923,,,,,,,
ravA,c4674,,,,,,,
rarD,c4740,,,,,,,
rarA,c1029,,,,,,,
rapZ,c3965,,,,,,,
rapA,hepA,c0070,,,,,,
queF,c3360,,,,,,,
queC,c0560,,,,,,,
queA,c0515,,,,,,,
qor,c5020,,,,,,,
qmcA,c0610,,,,,,,
pyrL,c5502,,,,,,,
pyrI,c5344,,,,,,,
pyrH,c0207,,,,,,,
pyrG,c3345,,,,,,,
pyrF,c1750,,,,,,,
pyrE,c4466,,,,,,,
pyrD,c1081,,,,,,,
pyrC,c1329,,,,,,,
pyrB,c5345,,,,,,,
pykF,c2071,,,,,,,
pykA,c2268,,,,,,,
pxpA,ybgL,c0792,,,,,,
putP,c1154,,,,,,,
putA,c1151,,,,,,,
purU,c1696,,,,,,,
purR,c2052,,,,,,,
purN,c3018,,,,,,,
purM,c3017,,,,,,,
purL,c3080,,,,,,,
purK,c0636,,,,,,,
purH,c4964,,,,,,,
purF,c2856,,,,,,,
purE,c0637,,,,,,,
purD,c4963,,,,,,,
purC,c3004,,,,,,,
purB,c1510,,,,,,,
purA,c5261,,,,,,,
ptsP,c3424,,,,,,,
ptsO,c3966,,,,,,,
ptsN,c3964,,,,,,,
ptsI,c2951,,,,,,,
ptsH,c2950,,,,,,,
ptsG,c1373,,,,,,,
ptsA,c4906,,,,,,,
ptrB,c2256,,,,,,,
ptrA,ptr,c3415,,,,,,
pth,c1662,,,,,,,
pta,c2840,,,,,,,
pstS,c4653,,,,,,,
pstC,c4652,,,,,,,
pstB,c4649,,,,,,,
pstA,c4651,,,,,,,
pssA,c3110,,,,,,,
pspF,c1773,,,,,,,
pspE,c1779,,,,,,,
pspD,c1778,,,,,,,
pspC,c1777,,,,,,,
pspB,c1775,,,,,,,
pspA,c1774,,,,,,,
psiF,c0491,,,,,,,
psiE,c5001,,,,,,,
pshM,c4105,,,,,,,
psd,c5247,,,,,,,
prsX,c1247,,,,,,,
prs,prsA,c1665,,,,,,
prrA,c1646,,,,,,,
prpR,c0450,,,,,,,
prpE,c0454,,,,,,,
prpD,c0453,,,,,,,
prpC,c0452,,,,,,,
prpB,c0451,,,,,,,
proY,c0512,,,,,,,
proX,c3232,,,,,,,
proW,c3231,,,,,,,
proV,c3230,,,,,,,
proS,c0235,,,,,,,
proQ,c2240,,,,,,,
proP,c5116,,,,,,,
proC,c0493,,,,,,,
proB,c0389,,,,,,,
proA,c0390,,,,,,,
prmA,c4024,,,,,,,
prlF,sohA,c3884,,,,,,
prlC,c4297,,,,,,,
prkB,c4130,,,,,,,
priC,c0586,,,,,,,
priA,c4888,,,,,,,
prfH,c0382,,,,,,,
prfC,c5456,,,,,,,
prfB,c5622,,,,,,,
prfA,c1669,,,,,,,
prc,c2239,,,,,,,
pqqL,c1923,,,,,,,
pqiB,c1087,,,,,,,
pqiA,c1086,,,,,,,
ppx,c3020,,,,,,,
ppsR,c2099,,,,,,,
ppsA,c2098,,,,,,,
ppnP,c0499,,,,,,,
ppnN,ygdH,c3361,,,,,,
ppk,c3019,,,,,,,
ppiD,c0557,,,,,,,
ppiC,c4697,,,,,,,
ppiB,c0641,,,,,,,
ppiA,c4138,,,,,,,
pphB,c3295,,,,,,,
pphA,c2247,,,,,,,
ppdD,c0127,,,,,,,
ppdC,c3417,,,,,,,
ppdB,c3419,,,,,,,
ppdA,c3420,,,,,,,
ppc,c4915,,,,,,,
ppa,c5323,,,,,,,
poxB,c1004,,,,,,,
potI,c0990,,,,,,,
potH,c0989,,,,,,,
potG,potA,c0988,,,,,,
potF,c0987,,,,,,,
potE,c0776,,,,,,,
potD,c1398,,,,,,,
potC,c1399,,,,,,,
potB,c1476,,,,,,,
potA,c1477,,,,,,,
polB,c0071,,,,,,,
pnuC,c0826,,,,,,,
pntB,c1994,,,,,,,
pntA,c1995,,,,,,,
pnp,c3920,,,,,,,
pncC,c3254,,,,,,,
pncB,c1073,,,,,,,
pmrD,c2802,,,,,,,
pmbA,c5333,,,,,,,
plsY,ygiH,c3809,,,,,,
plsX,c1359,,,,,,,
plsC,c3758,,,,,,,
plsB,c5011,,,,,,,
pldB,c4747,,,,,,,
pldA,c4742,,,,,,,
pitB,c3724,,,,,,,
pitA,c4291,,,,,,,
pinR,c3146,,,,,,,
pinO,c4093,,,,,,,
pilC,focA,c1239,,,,,,
pic,she,c0350,,,,,,
phrB,c0787,,,,,,,
phpB,c0729,,,,,,,
phoU,c4648,,,,,,,
phoR,c0509,,,,,,,
phoQ,c1508,,,,,,,
phoP,c1509,,,,,,,
phoH,c1159,,,,,,,
phoE,c0388,,,,,,,
phoB,c0508,,,,,,,
phoA,c0490,,,,,,,
phnP,c5098,,,,,,,
phnO,c5099,,,,,,,
phnM,c5101,,,,,,,
phnL,c5102,,,,,,,
phnK,c5103,,,,,,,
phnJ,c5104,,,,,,,
phnI,c5105,,,,,,,
phnH,c5106,,,,,,,
phnG,c5107,,,,,,,
phnF,c5108,,,,,,,
phnE,c5109,,,,,,,
phnD,c5110,,,,,,,
phnC,c5111,,,,,,,
phnB,c5112,,,,,,,
pheT,c2110/c2111,,,,,,,
pheS,c2112,,,,,,,
pheP,c0662,,,,,,,
pheM,c5495,,,,,,,
pheL,c5497,,,,,,,
pheA,c3120,,,,,,,
pgtP,c5201,,,,,,,
pgtC,c5202,,,,,,,
pgtB,c5203,,,,,,,
pgtA,c5204,,,,,,,
pgsA,c2325,,,,,,,
pgpB,c1747,,,,,,,
pgpA,c0529,,,,,,,
pgm,c0775,,,,,,,
pgl,c0844,,,,,,,
pgk,c3504,,,,,,,
pgi,c4991,,,,,,,
pflD,c4910,,,,,,,
pflC,c4911,,,,,,,
pflA,c1038,,,,,,,
pfkB,c2121,,,,,,,
pfkA,c4867,,,,,,,
perM,c3009,,,,,,,
pepT,c1479,,,,,,,
pepQ,c4794,,,,,,,
pepP,c3490,,,,,,,
pepN,c1075,,,,,,,
pepE,c4980,,,,,,,
pepD,c0383,,,,,,,
pepB,c3048,,,,,,,
pepA,carP,xerB,c5360,,,,,
pdxY,c2028,,,,,,,
pdxK,c2953,,,,,,,
pdxJ,c3088,,,,,,,
pdxH,c2030,,,,,,,
pdxB,c2865,,,,,,,
pdxA,c0065,,,,,,,
pdhR,c0140,,,,,,,
pcnB,c0176,,,,,,,
pcm,c3310,,,,,,,
pckA,c4176,,,,,,,
pbpG,c2665,,,,,,,
pbpC,c3042,,,,,,,
patD,c1869,,,,,,,
patA,c3828,,,,,,,
pasT,ratA,yfjG,c3141,,,,,
pasI,ratB,yfjF,c3140,,,,,
parE,c3776,,,,,,,
parC,c3760,,,,,,,
papX,c3582,,,,,,,
papK,c3586;,papK2,c5182,,,,,
papJ_2,papJ,c3588,c5184,,,,,
papI,c3593,,,,,,,
papH_2,papH,c3591,c5187,,,,,
papG_2,c5179,,,,,,,
papG,c3583,,,,,,,
papF,papF_2,c3584,c5180,,,,,
papE_2,papE,c3585,c5181,,,,,
papD_2,c5185,,,,,,,
papD,c3589,,,,,,,
papC_2,c5186,,,,,,,
papC,c3590,,,,,,,
papA_2,c5188,,,,,,,
panF,c4023,,,,,,,
panD,c0160,,,,,,,
panC,c0164,,,,,,,
panB,c0165,,,,,,,
pal,c0821,,,,,,,
pagP,crcA,c0713,,,,,,
pabC,c1366,,,,,,,
pabB,c2217,,,,,,,
pabA,c4135,,,,,,,
oxyR,c4922,,,,,,,
otsB,c2311,,,,,,,
otsA,c2310,,,,,,,
otnC,c3299,,,,,,,
osmY,c5457,,,,,,,
osmE,c2138,,,,,,,
osmC,c1916,,,,,,,
osmB,c1753,,,,,,,
ortT,c1870,,,,,,,
orn,c5249,,,,,,,
oprR,c1938,,,,,,,
oppF,c1711,,,,,,,
oppD,c1710,,,,,,,
oppC,c1709,,,,,,,
oppB,c1708,,,,,,,
oppA,c1707,,,,,,,
ompX,c0900,,,,,,,
ompW,c1722,,,,,,,
ompT,c0652,,,,,,,
ompR,c4181,,,,,,,
ompN,c1822,,,,,,,
ompG,c1791,,,,,,,
ompF,c1071,,,,,,,
ompC,c2758,,,,,,,
ompA,c1093,,,,,,,
ogt,c1808,,,,,,,
ogrK,c0979,,,,,,,
obg,c3940,,,,,,,
nusG,c4937,,,,,,,
nusB,c0527,,,,,,,
nusA,c3926,,,,,,,
nupG,c3552,,,,,,,
nupC,c2932,,,,,,,
nuoN,c2817,,,,,,,
nuoM,c2818,,,,,,,
nuoL,c2819,,,,,,,
nuoK,c2820,,,,,,,
nuoJ,c2821,,,,,,,
nuoI,c2822,,,,,,,
nuoH,c2823,,,,,,,
nuoG,c2824,,,,,,,
nuoF,c2825,,,,,,,
nuoE,c2826,,,,,,,
nuoC,nuoCD,nuoD,c2827,,,,,
nuoB,c2828,,,,,,,
nuoA,c2829,,,,,,,
nudL,c2218,,,,,,,
nudK,c2994,,,,,,,
nudJ,c1513,,,,,,,
nudI,c2793,,,,,,,
nudF,aspP,c3780,,,,,,
nudC,c4953,,,,,,,
ntpA,c2279,,,,,,,
nth,c2025,,,,,,,
nsrR,c5262,,,,,,,
nrfG,c5072,,,,,,,
nrfF,c5071,,,,,,,
nrfE,c5070,,,,,,,
nrfD,c5069,,,,,,,
nrfC,c5068,,,,,,,
nrfB,c5067,,,,,,,
nrfA,c5066,,,,,,,
nrdR,ybaD,c0523,,,,,,
nrdI,c3227,,,,,,,
nrdH,c3226,,,,,,,
nrdG,c5336,,,,,,,
nrdF,c3229,,,,,,,
nrdE,c3228,,,,,,,
nrdD,c5337,,,,,,,
nrdB,c2777,,,,,,,
nrdA,c2776,,,,,,,
norW,flrR,c3267,,,,,,
norV,flrD,c3265/c3266,,,,,,
norR,c3263,,,,,,,
nohB,c3174,,,,,,,
nohA,c1568,,,,,,,
nmpC,c1560,,,,,,,
nlpI,c3918,,,,,,,
nlpD,c3308,,,,,,,
nlpC,c2104,,,,,,,
nlpB,bamC,c3005,,,,,,
nlpA,c4583,,,,,,,
nirD,c4142,,,,,,,
nirC,c4143,,,,,,,
nirB,c4141,,,,,,,
ninB,c1554,,,,,,,
nikR,c4274,,,,,,,
nikE,c4273,,,,,,,
nikD,c4272,,,,,,,
nikC,c4271,,,,,,,
nikB,c4270,,,,,,,
nikA,c4269,,,,,,,
nhoA,c1895,,,,,,,
nhaR,c0025,,,,,,,
nhaP2,cvrA,c1640,,,,,,
nhaB,c1634,,,,,,,
nhaA,c0024,,,,,,,
nfuA,c4191,,,,,,,
nfrB,c0655,,,,,,,
nfrA,c0654,,,,,,,
nfo,c2694,,,,,,,
nfnB,c0664,,,,,,,
nfi,c4955,,,,,,,
nepI,c4586,,,,,,,
nemR,c2042,,,,,,,
nemA,c2043,,,,,,,
nei,c0793,,,,,,,
ndk,c3041,,,,,,,
ndh,c1382,,,,,,,
narZ,c1900,,,,,,,
narY,c1899,,,,,,,
narX,c1682,,,,,,,
narW,c1898,,,,,,,
narV,c1897,,,,,,,
narU,c1901,,,,,,,
narQ,c2996,,,,,,,
narP,c2730,,,,,,,
narL,c1681,,,,,,,
narK,c1684,,,,,,,
narJ,c1687,,,,,,,
narI,c1688,,,,,,,
narH,c1686,,,,,,,
narG,c1685,,,,,,,
napH,c2743,,,,,,,
napG,c2744,,,,,,,
napF,c2747,,,,,,,
napD,c2746,,,,,,,
napC,c2739,,,,,,,
napB,c2741,,,,,,,
napA,c2745,,,,,,,
nanT2,c3637,,,,,,,
nanT1,nanT,c3978,,,,,,
nanR,c3980,,,,,,,
nanM2,c5388,,,,,,,
nanM1,c3634,,,,,,,
nanK2,c3638,,,,,,,
nanK1,c3976,,,,,,,
nanE,c3977,,,,,,,
nanC,c5389,,,,,,,
nanA2,c3639,,,,,,,
nanA1,nanA,c3979,,,,,,
nagZ,c1380,,,,,,,
nagK,c1394,,,,,,,
nagE,c0755,,,,,,,
nagD,c0750,,,,,,,
nagC,c0751,,,,,,,
nagB,c0753,,,,,,,
nagA,c0752,,,,,,,
nadR,c5475,,,,,,,
nadK,yfjB,c3137,,,,,,
nadE,c2139,,,,,,,
nadD,c0730,,,,,,,
nadC,c0128,,,,,,,
nadB,c3098,,,,,,,
nadA,c0825,,,,,,,
nac,c2446,,,,,,,
mviN,murJ,c1338,,,,,,
mutY,c3548,,,,,,,
mutT,c0117,,,,,,,
mutS,c3294,,,,,,,
mutM,fpg,c4459,,,,,,
mutL,c5254,,,,,,,
mutH,c3426,,,,,,,
murQ,yfeU,c2961,,,,,,
murP,c2962,,,,,,,
murI,c4930,,,,,,,
murG,c0108,,,,,,,
murF,c0104,,,,,,,
murE,c0103,,,,,,,
murD,c0106,,,,,,,
murC,c0109,,,,,,,
murB,c4931,,,,,,,
murA,murZ,c3947,,,,,,
mukF,c1064,,,,,,,
mukE,c1065,,,,,,,
mukB,c1066,,,,,,,
mug,c3822,,,,,,,
mtr,c3914,,,,,,,
mtnN,c0195,,,,,,,
mtlR,c4418,,,,,,,
mtlD,c4417,,,,,,,
mtlA,c4416,,,,,,,
mtgA,c3968,,,,,,,
mtfA,c2417,,,,,,,
msyB,c1318,,,,,,,
msrQ,yedZ,c2390,,,,,,
msrP,c2389,,,,,,,
msrB,c2183,,,,,,,
msrA,c5317,,,,,,,
mscL,c4051,,,,,,,
msbB,lpxM,c2269,,,,,,
msbA,c1054,,,,,,,
mrp,c2641,,,,,,,
mreD,c4003,,,,,,,
mreC,c4005,,,,,,,
mreB,c4006,,,,,,,
mrdB,rodA,c0725,,,,,,
mrdA,pbpA,c0726,,,,,,
mrcB,c0183,,,,,,,
mrcA,c4166,,,,,,,
mraZ,c0099,,,,,,,
mraY,c0105,,,,,,,
mqo,yojH,c2751,,,,,,
mprA,emrR,c3237,,,,,,
mppA,c1803,,,,,,,
motB,c2304,,,,,,,
motA,c2305,,,,,,,
mog,c0013,,,,,,,
moeB,c0911,,,,,,,
moeA,c0912,,,,,,,
modF,c0836,,,,,,,
modE,c0837,,,,,,,
modD,c1647,,,,,,,
modC,c0842,,,,,,,
modB,c0841,,,,,,,
modA,c0840,,,,,,,
mobB,c4800,,,,,,,
mobA,c4801,,,,,,,
moaE,c0867,,,,,,,
moaD,c0866,,,,,,,
moaC,chlA3,c0865,,,,,,
moaB,c0863,,,,,,,
moaA,c0862,,,,,,,
mntR,c0903,,,,,,,
mntP,yebN,c2228,,,,,,
mntH,c2931,,,,,,,
mnmG,gidA,c4669,,,,,,
mnmE,thdF,trmE,c4630,,,,,
mnmC,c2870,,,,,,,
mnmA,trmU,c1512,,,,,,
mltF,c3081,,,,,,,
mltD,dniR,c0248,,,,,,
mltC,c3551,,,,,,,
mltB,c3255,,,,,,,
mltA,c3384,,,,,,,
mlc,c1985,,,,,,,
mlaF,c3955,,,,,,,
mlaE,c3954,,,,,,,
mioC,c4670,,,,,,,
minE,c1621,,,,,,,
minD,c1622,,,,,,,
minC,c1623,,,,,,,
miaB,c0747,,,,,,,
miaA,c5255,,,,,,,
mgtA,c5341,,,,,,,
mgsA,c1100,,,,,,,
mgrB,c2234,,,,,,,
mglC,c2682,,,,,,,
mglB,c2684,,,,,,,
mglA,c2683,,,,,,,
mfd,c1389,,,,,,,
metR,c4750,,,,,,,
metN,c0240,,,,,,,
metL,c4893,,,,,,,
metK,c3528,,,,,,,
metK,c4547,,,,,,,
metJ,c4891,,,,,,,
metH,c4976,,,,,,,
metG,c2642,,,,,,,
metF,c4899,,,,,,,
metE,c4751,,,,,,,
metC,c3742,,,,,,,
metB,c4892,,,,,,,
metAS,metA,c4970,,,,,,
mepS,spr,c2712,,,,,,
mepM,yebA,c2270,,,,,,
mepA,c2874,,,,,,,
menH,c2807,,,,,,,
menF,c2809,,,,,,,
menE,c2803,,,,,,,
menD,c2808,,,,,,,
menC,c2804,,,,,,,
menB,c2805,,,,,,,
menA,c4883,,,,,,,
melR,c5123,,,,,,,
melA,c5124,,,,,,,
mdtQ,c2671,,,,,,,
mdtP,c5085,,,,,,,
mdtO,c5086,,,,,,,
mdtN,c5087,,,,,,,
mdtL,c4633,,,,,,,
mdtK,norM,c2057,,,,,,
mdtJ,c1992,,,,,,,
mdtI,c1991,,,,,,,
mdtH,c1332,,,,,,,
mdtG,c1319,,,,,,,
mdtF,c4325,,,,,,,
mdtE,c4324,,,,,,,
mdtD,c2603,,,,,,,
mdtC,c2602,,,,,,,
mdtB,c2601,,,,,,,
mdtA,c2600,,,,,,,
mdoH,opgH,c1314,,,,,,
mdoG,opgG,c1313,,,,,,
mdoD,opgD,c1849,,,,,,
mdoC,opgC,c1311,,,,,,
mdoB,opgB,c5438,,,,,,
mdlB,c0566,,,,,,,
mdlA,c0565,,,,,,,
mdh,c3991,,,,,,,
mdfA,cmr,c0927,,,,,,
mdaB,c3768,,,,,,,
mdaA,c0984,,,,,,,
mchF,c1232,,,,,,,
mchE,c1231,,,,,,,
mchD,c1230,,,,,,,
mchC,c1229,,,,,,,
mchB,c1227,,,,,,,
mbhA,c0378,,,,,,,
mazG,c3346,,,,,,,
matP,c1092,,,,,,,
marR,c1952,,,,,,,
marC,c1951,,,,,,,
marB,c1954,,,,,,,
marA,c1953,,,,,,,
map,c0203,,,,,,,
manZ,c2226,,,,,,,
manY,c2224,,,,,,,
manX,c2223,,,,,,,
manB,c2557,,,,,,,
manA,c2005,,,,,,,
malZ,c0513,,,,,,,
malY,c2014,,,,,,,
malX,c2013,,,,,,,
malT,c4196,,,,,,,
malS,c4392,,,,,,,
malQ,c4193,,,,,,,
malP,c4194,,,,,,,
malM,c5007,,,,,,,
malK,c5005,,,,,,,
malI,c2012,,,,,,,
malG,c5002,,,,,,,
malF,c5003,,,,,,,
malE,c5004,,,,,,,
maeA,c1912,,,,,,,
macA,c1014,,,,,,,
lyxK,c4403,,,,,,,
lysU,c5138,,,,,,,
lysS,c3469,,,,,,,
lysR,c3436,,,,,,,
lysP,c2691,,,,,,,
lysC,c4990,,,,,,,
lysA,c3435,,,,,,,
luxS,c3244,,,,,,,
ltnD,ygbJ,c3297,,,,,,
lspA,c0031,,,,,,,
lrp,c1026,,,,,,,
lrhA,c2830,,,,,,,
lpxH,c0639,,,,,,,
lpxD,c0216,,,,,,,
lpxC,c0114,,,,,,,
lpxB,c0219,,,,,,,
lpxA,c0218,,,,,,,
lptG,c5363,,,,,,,
lptF,c5362,,,,,,,
lptE,rlpB,c0732,,,,,,
lptD,imp,ostA,c0067,,,,,
lptC,c3959,,,,,,,
lptB,c3961,,,,,,,
lptA,c3960,,,,,,,
lpp,c2072,,,,,,,
lpoA,c3900,,,,,,,
lplT,c3430,,,,,,,
lplA,c5471,,,,,,,
lpdA,c0145,,,,,,,
lon,c0555,,,,,,,
lomP,c1467,,,,,,,
lolE,c1393,,,,,,,
lolD,c1392,,,,,,,
lolC,c1391,,,,,,,
lolB,hemM,c1667,,,,,,
lolA,lplA,c1028,,,,,,
lnt,cutE,c0742,,,,,,
lldR,c4426,,,,,,,
lldP,lctP,c4425,,,,,,
lldD,c4427,,,,,,,
livM,c4246,,,,,,,
livK,c4248,,,,,,,
livJ,c4253,,,,,,,
livH,c4247,,,,,,,
livG,c4245,,,,,,,
livF,c4244,,,,,,,
lipB,c0720,,,,,,,
lipA,c0718,,,,,,,
ligB,c4471,,,,,,,
ligA,c2945,,,,,,,
lgt,umpA,c3423,,,,,,
lexA,c5014,,,,,,,
leuS,c0733,,,,,,,
leuO,c0093,,,,,,,
leuL,c5492,,,,,,,
leuE,c2205,,,,,,,
leuD,c0087,,,,,,,
leuC,c0089,,,,,,,
leuB,c0090,,,,,,,
leuA,c0091,,,,,,,
lepB,c3092,,,,,,,
lepA,c3093,,,,,,,
ldhA,c1827,,,,,,,
ldcC,c0224,,,,,,,
ldcA,c1641,,,,,,,
lasT,trmJ,c5490,,,,,,
lapB,yciM,c1749,,,,,,
lamB,c5006,,,,,,,
lacZ,c0459,,,,,,,
lacY,c0458,,,,,,,
lacA,c0457,,,,,,,
kup,trkD,c4675,,,,,,
KS71A,papI_2,c5189,,,,,,
kpsT,c3697,,,,,,,
kpsS,c3691,,,,,,,
kpsM,c3698,,,,,,,
kpsF,c3686,,,,,,,
kpsE,c3687,,,,,,,
kpsD,c3688,,,,,,,
kpsC,c3690,,,,,,,
kgtP,c3112,,,,,,,
kefG,c4126,,,,,,,
kefF,c0056,,,,,,,
kefC,c0057,,,,,,,
kefB,c4125,,,,,,,
kduI,c3440,,,,,,,
kduD,c3439,,,,,,,
kdsD,c3957,,,,,,,
kdsC,c3958,,,,,,,
kdsB,c1059,,,,,,,
kdsB,c3689,,,,,,,
kdsA,c1674,,,,,,,
kdpE,c0779,,,,,,,
kdpD,c0780,,,,,,,
kdpC,c0781,,,,,,,
kdpB,c0782,,,,,,,
kdpA,c0783,,,,,,,
kdgT,c4861,,,,,,,
kdgK,c4337,,,,,,,
kch,c1715,,,,,,,
kbp,ygaU,c3213,,,,,,
kbl,c4444,,,,,,,
kbaZ,agaZ,c3887,,,,,,
kbaY,agaY,c3894,,,,,,
katG,c4900,,,,,,,
katE,c2131,,,,,,,
ivbL,c5498,,,,,,,
iutA,c3623,,,,,,,
iucD,c3624,,,,,,,
iucC,c3625,,,,,,,
iucB,c3626,,,,,,,
iucA,c3627,,,,,,,
ispH,lytB,c0033,,,,,,
ispG,gcpE,c3037,,,,,,
ispF,c3313,,,,,,,
ispE,c1666,,,,,,,
ispD,c3314,,,,,,,
ispB,c3945,,,,,,,
ispA,c0532,,,,,,,
iscX,c3049,,,,,,,
iscU,nifU,c3055,,,,,,
iscS,c3056,,,,,,,
iscR,yfhP,c3057,,,,,,
iscA,c3053,,,,,,,
iroN,c1250,,,,,,,
iroE,c1251,,,,,,,
iroD,c1252,,,,,,,
iroC,c1253,,,,,,,
iroB,c1254,,,,,,,
iraP,c0489,,,,,,,
iraM,c1429,,,,,,,
iraD,c5405,,,,,,,
intT,c0932,,,,,,,
intC,c4491,,,,,,,
insI,c4506,,,,,,,
insB,c4504,,,,,,,
infC,c2115,,,,,,,
infB,c3924,,,,,,,
infA,c1021,,,,,,,
inaA,c2779,,,,,,,
ilvY,c4695,,,,,,,
ilvN,c4595,,,,,,,
ilvM,c4691,,,,,,,
ilvL,c5500,,,,,,,
ilvI,c0095,,,,,,,
ilvH,c0096,,,,,,,
ilvG,c4690,,,,,,,
ilvE,c4692,,,,,,,
ilvD,c4693,,,,,,,
ilvC,c4696,,,,,,,
ilvB,c4596,,,,,,,
ilvA,c4694,,,,,,,
ileS,c0030,,,,,,,
ihfB,himD,c1050,,,,,,
ihfA,himA,c2109,,,,,,
idnT,c5366,,,,,,,
idnR,c5365,,,,,,,
idnO,c5367,,,,,,,
idnK,c5369,,,,,,,
idnD,c5368,,,,,,,
idi,c3467,,,,,,,
iclR,c4975,,,,,,,
icdA,c1517,,,,,,,
icc,cpdA,c3778,,,,,,
ibpB,c4606,,,,,,,
ibpA,c4607,,,,,,,
ibaG,yrbA,c3948,,,,,,
iap,c3320,,,,,,,
iadA,c5408,,,,,,,
hyuA,ygeZ,c3451,,,,,,
hypF,c3268,,,,,,,
hypE,c3290,,,,,,,
hypD,c3289,,,,,,,
hypC,c3288,,,,,,,
hypB,c3287,,,,,,,
hypA,c3286,,,,,,,
hydN,c3269,,,,,,,
hydH,c4961,,,,,,,
hydG,c4962,,,,,,,
hycI,c3277,,,,,,,
hycH,c3278,,,,,,,
hycG,c3279,,,,,,,
hycF,c3280,,,,,,,
hycE,c3281,,,,,,,
hycD,c3282,,,,,,,
hycC,c3283,,,,,,,
hycB,c3284,,,,,,,
hycA,c3285,,,,,,,
hybO,c3734,,,,,,,
hybG,c3727,,,,,,,
hybF,c3728,,,,,,,
hybE,c3729,,,,,,,
hybD,c3730,,,,,,,
hybC,c3731,,,,,,,
hybB,c3732,,,,,,,
hybA,c3733,,,,,,,
hyaF,c1118,,,,,,,
hyaE,c1117,,,,,,,
hyaD,c1116,,,,,,,
hyaC,c1115,,,,,,,
hyaB,c1114,,,,,,,
hyaA,c1113,,,,,,,
hupB,c0556,,,,,,,
hupA,c4957,,,,,,,
htrE,c0170,,,,,,,
htrB,lpxL,c1320,,,,,,
htrA,c0197,,,,,,,
htpX,c2238,,,,,,,
htpG,c0593,,,,,,,
hspQ,c1104,,,,,,,
hslV,c4885,,,,,,,
hslU,c4884,,,,,,,
hslR,c4171,,,,,,,
hslO,c4172,,,,,,,
hslJ,c1826,,,,,,,
hscB,c3052,,,,,,,
hscA,c3051,,,,,,,
hrpB,c0181,,,,,,,
hrpA,c1840,,,,,,,
hpt,c0154,,,,,,,
hpf,c3963,,,,,,,
holE,c2252,,,,,,,
holD,c5452,,,,,,,
holC,c5359,,,,,,,
holB,c1371,,,,,,,
holA,c0731,,,,,,,
hofQ,c4161,,,,,,,
hofH,c4100,,,,,,,
hofG,c4099,,,,,,,
hofF,c4098,,,,,,,
hofD,c4106,,,,,,,
hofC,c0125,,,,,,,
hofB,c0126,,,,,,,
hns,c1701,,,,,,,
hnr,rssB,c1699,,,,,,
hmuV,c4318,,,,,,,
hmp,hmpA,c3075,,,,,,
hlyD,c3574,,,,,,,
hlyC,c3569,,,,,,,
hlyB,c3573,,,,,,,
hlyA,c3570,,,,,,,
hldE,rfaE,c3800,,,,,,
hldD,rfaD,c4445,,,,,,
hisS,c3036,,,,,,,
hisQ,c2850,,,,,,,
hisP,c2848,,,,,,,
hisM,c2849,,,,,,,
hisL,c5496,,,,,,,
hisJ,c2851,,,,,,,
hisI,hisIE,c2553,,,,,,
hisH,c2550,,,,,,,
hisG,c2546,,,,,,,
hisF,c2552,,,,,,,
hisD,c2547,,,,,,,
hisC,c2548,,,,,,,
hisB,c2549,,,,,,,
hisA,c2551,,,,,,,
hipB,c1941,,,,,,,
hipA,c1940,,,,,,,
higB,c3274,,,,,,,
higA,c3840,,,,,,,
hha,c0578,,,,,,,
hfq,c5256,,,,,,,
hflX,c5257,,,,,,,
hflK,c5258,,,,,,,
hflD,c1511,,,,,,,
hflC,c5259,,,,,,,
hemY,c4721,,,,,,,
hemX,c4722,,,,,,,
hemN,c4816,,,,,,,
hemL,gsa,popC,c0189,,,,,
hemK,prmC,c1670,,,,,,
hemH,c0595,,,,,,,
hemG,c4797,,,,,,,
hemF,c2970,,,,,,,
hemE,c4954,,,,,,,
hemD,c4723,,,,,,,
hemC,c4724,,,,,,,
hemB,c0477,,,,,,,
hemA,c1668,,,,,,,
helD,c1099,,,,,,,
hdhA,c2011,,,,,,,
hdfR,c4685,,,,,,,
hdeD,c4322,,,,,,,
hdeB,c4320,,,,,,,
hdeA,c4321,,,,,,,
hda,c3013,,,,,,,
hcp,c1006,,,,,,,
hchA,c2385,,,,,,,
hcaT,c3062,,,,,,,
gyrB,c4621,,,,,,,
gyrA,c2773,,,,,,,
gutQ,c3262,,,,,,,
gutM,c3260,,,,,,,
guaC,c0124,,,,,,,
guaB,c3027,,,,,,,
guaA,c3026,,,,,,,
gstB,c0923,,,,,,,
gst,c2027,,,,,,,
gsp,c3725,,,,,,,
gsk,c0597,,,,,,,
gsiD,c0917,,,,,,,
gsiC,c0916,,,,,,,
gsiB,c0915,,,,,,,
gsiA,c0914,,,,,,,
gshB,c3533,,,,,,,
gshA,c3245,,,,,,,
grxD,ydhD,c2048,,,,,,
grxC,c4433,,,,,,,
grxB,c1331,,,,,,,
grxA,c0982,,,,,,,
grpE,c3135,,,,,,,
groS,groES,mopB,c5226,,,,,
groL,groEL,mopA,c5227,,,,,
greB,c4183,,,,,,,
greA,c3938,,,,,,,
grcA,c3103,,,,,,,
gpt,c0384,,,,,,,
gpsA,c4430,,,,,,,
gppA,c4699,,,,,,,
gpmI,c4438,,,,,,,
gpmB,c5482,,,,,,,
gpmA,gpm,pgm,pgmA,c0831,,,,
gor,c4299,,,,,,,
gntX,c4190,,,,,,,
gntU,c4224,,,,,,,
gntT,c4192,,,,,,,
gntR,c4227,,,,,,,
gntP,c5401,,,,,,,
gntK,c4225,,,,,,,
gnsA,c1125,,,,,,,
gnd,c2556,,,,,,,
gmk,c4473,,,,,,,
gmhB,c0241,,,,,,,
gmhA,c0372,,,,,,,
gmd,c2579,,,,,,,
glyS,c4378,,,,,,,
glyQ,c4379,,,,,,,
glyA,c3073,,,,,,,
gluQ,c0177,,,,,,,
gltX,c2936,,,,,,,
gltS,c4478,,,,,,,
gltP,c5074,,,,,,,
gltL,c0736,,,,,,,
gltK,c0737,,,,,,,
gltJ,c0738,,,,,,,
gltD,c3974,,,,,,,
gltB,c3973,,,,,,,
gltA,c0796,,,,,,,
glsA2,c1947,,,,,,,
glsA1,c0605,,,,,,,
glpX,c4877,,,,,,,
glpT,c2781,,,,,,,
glpR,c4200,,,,,,,
glpQ,c2780,,,,,,,
glpK,c4878,,,,,,,
glpG,c4201,,,,,,,
glpF,c4879,,,,,,,
glpE,c4202,,,,,,,
glpD,c4203,,,,,,,
glpC,c2784,,,,,,,
glpB,c2783,,,,,,,
glpA,c2782,,,,,,,
gloB,c0249,,,,,,,
gloA,c2044,,,,,,,
glnS,c0766,,,,,,,
glnQ,c0894,,,,,,,
glnP,c0895,,,,,,,
glnL,c4818,,,,,,,
glnK,c0568,,,,,,,
glnH,c0896,,,,,,,
glnG,ntrC,c4817,,,,,,
glnE,c3801,,,,,,,
glnD,c0202,,,,,,,
glnB,c3076,,,,,,,
glnA,c4819,,,,,,,
glmU,c4655,,,,,,,
glmS,c4654,,,,,,,
glmM,c3932,,,,,,,
glk,c2927,,,,,,,
glgX,c4218,,,,,,,
glgS,c3797,,,,,,,
glgP,c4215,,,,,,,
glgC,c4217,,,,,,,
glgB,c4219,,,,,,,
glgA,c4216,,,,,,,
gldA,c4904,,,,,,,
glcG,c3706,,,,,,,
glcD,c3709,,,,,,,
glcC,c3710,,,,,,,
glcB,c3705,,,,,,,
glaH,c3207,,,,,,,
gipA,c0851,,,,,,,
gip,c0623,,,,,,,
ghrB,c4372,,,,,,,
ghrA,c1295,,,,,,,
ghoT,c5136,,,,,,,
ggt,c4236,,,,,,,
gdx,sugE,c5236,,,,,,
gdhA,c2162,,,,,,,
gcvT,c3485,,,,,,,
gcvR,c3007,,,,,,,
gcvP,c3483,,,,,,,
gcvH,c3484,,,,,,,
gcvA,c3378,,,,,,,
gcl,c0622,,,,,,,
gcd,c0153,,,,,,,
gatZ,c2620,,,,,,,
gatY,c2621,,,,,,,
gatD,c2616,,,,,,,
gatC,c2617,,,,,,,
gatB,c2618,,,,,,,
gatA,c2619,,,,,,,
garR,c3880,,,,,,,
garL,c3881,,,,,,,
gapA,c2184,,,,,,,
gamW,c1537,,,,,,,
galU,c1700,,,,,,,
galT,c0834,,,,,,,
galS,c2685,,,,,,,
galR,c3434,,,,,,,
galP,c3529,,,,,,,
galM,c0832,,,,,,,
galK,c0833,,,,,,,
galF,c2567,,,,,,,
galE,c0835,,,,,,,
gadX,c4327,,,,,,,
gadW,c4326,,,,,,,
gadE,c4323,,,,,,,
gadC,xasA,c1921,,,,,,
gadB,c1922,,,,,,,
gadA,gadS,c4328,,,,,,
gabT,c3210,,,,,,,
gabP,c3211,,,,,,,
gabD,c3209,,,,,,,
fusA,far,fus,c4112,,,,,
fur,c0770,,,,,,,
fumD,ydhZ,c2069,,,,,,
fumC,c2003,,,,,,,
fumB,c5127,,,,,,,
fumA,c2004,,,,,,,
fucU,c3374,,,,,,,
fucR,c3375,,,,,,,
fucP,c3370,,,,,,,
fucO,c3367,,,,,,,
fucI,c3371,,,,,,,
fucA,c3368,,,,,,,
ftsZ,c0113,,,,,,,
ftsY,c4257,,,,,,,
ftsX,c4255,,,,,,,
ftsW,c0107,,,,,,,
ftsQ,c0111,,,,,,,
ftsN,c4886,,,,,,,
ftsL,c0101,,,,,,,
ftsK,c1027,,,,,,,
ftsI,c0102,,,,,,,
ftsE,c4256,,,,,,,
ftsB,c3315,,,,,,,
ftsA,c0112,,,,,,,
ftnB,c2315,,,,,,,
ftnA,c2321,,,,,,,
fsr,c0599,,,,,,,
fsaB,talC,c4905,,,,,,
fsaA,fsa,mipB,c0910,,,,,
fryC,c2925,,,,,,,
fryB,c2926,,,,,,,
fryA,c2922,,,,,,,
frwD,c4912,,,,,,,
frwC,c4907,,,,,,,
frwB,c4908,,,,,,,
fruL,c5493,,,,,,,
fruK,c2703,,,,,,,
fruB,c2704,,,,,,,
fruA,c2702,,,,,,,
frsA,c0386,,,,,,,
frr,c0208,,,,,,,
frmR,c0466,,,,,,,
frmB,c0464,,,,,,,
frmA,c0465,,,,,,,
fre,ubiB,c4791,,,,,,
frdD,c5239,,,,,,,
frdC,c5240,,,,,,,
frdB,c5241,,,,,,,
frdA,c5242,,,,,,,
frc,c2910,,,,,,,
fpr,c4876,,,,,,,
folX,c2846,,,,,,,
folP,c3933,,,,,,,
folM,c1998,,,,,,,
folK,c0175,,,,,,,
folE,c2688,,,,,,,
folD,c0645,,,,,,,
folC,c2860,,,,,,,
folB,c3808,,,,,,,
folA,c0058,,,,,,,
focH,c1245,,,,,,,
focG,c1244,,,,,,,
focF,c1243,,,,,,,
focD,c1242,,,,,,,
focC,c1241,,,,,,,
focA,focA_2,c1042,,,,,,
fnr,c1807,,,,,,,
fmt,c4048,,,,,,,
fliZ,c2336,,,,,,,
fliT,c2341,,,,,,,
fliS,c2340,,,,,,,
fliR,c2367,,,,,,,
fliQ,c2366,,,,,,,
fliP,c2365,,,,,,,
fliO,c2364,,,,,,,
fliN,c2363,,,,,,,
fliM,c2362,,,,,,,
fliL,c2361,,,,,,,
fliK,c2360,,,,,,,
fliJ,c2359,,,,,,,
fliI,c2358,,,,,,,
fliH,c2357,,,,,,,
fliG,c2355,,,,,,,
fliF,c2354,,,,,,,
fliE,c2353,,,,,,,
fliD,c2339,,,,,,,
fliC,c2338,,,,,,,
fliA,c2337,,,,,,,
flhE,c2292,,,,,,,
flhD,c2308,,,,,,,
flhC,c2306,,,,,,,
flhB,c2294,,,,,,,
flhA,c2293,,,,,,,
flgN,c1339,,,,,,,
flgM,c1340,,,,,,,
flgL,c1352,,,,,,,
flgK,c1351,,,,,,,
flgJ,c1350,,,,,,,
flgI,c1349,,,,,,,
flgH,c1348,,,,,,,
flgG,c1347,,,,,,,
flgF,c1346,,,,,,,
flgE,c1345,,,,,,,
flgD,c1344,,,,,,,
flgC,c1343,,,,,,,
flgB,c1342,,,,,,,
flgA,c1341,,,,,,,
fldB,c3475,,,,,,,
fldA,c0771,,,,,,,
fkpB,slpA,c0032,,,,,,
fkpA,c4121,,,,,,,
fklB,c5306,,,,,,,
fixX,c0054,,,,,,,
fixC,c0053,,,,,,,
fixB,c0051/c0052,,,,,,,
fixA,c0050,,,,,,,
fiu,c0890,,,,,,,
fis,c4027,,,,,,,
fimI,c5394,,,,,,,
fimH,c5400,,,,,,,
fimG,c5399,,,,,,,
fimF,c5397,,,,,,,
fimE,c5392,,,,,,,
fimD,c5396,,,,,,,
fimC,c5395,,,,,,,
fimB,c5391,,,,,,,
fimA,c5393,,,,,,,
fieF,c4866,,,,,,,
fic,c4136,,,,,,,
fhuF,c5446,,,,,,,
fhuE,c1374,,,,,,,
fhuD,c0187,,,,,,,
fhuC,c0186,,,,,,,
fhuB,c0188,,,,,,,
fhuA,c0185,,,,,,,
fhlA,c3291,,,,,,,
fhiA,c0377,,,,,,,
ffh,c3131,,,,,,,
fes,c0671,,,,,,,
fepG,c0676,,,,,,,
fepE,c0674,,,,,,,
fepD,c0677,,,,,,,
fepC,c0675,,,,,,,
fepB,c0679,,,,,,,
fepA,c0669,,,,,,,
feoC,c4187,,,,,,,
feoB,c4186,,,,,,,
feoA,c4185,,,,,,,
fecD,c1651,,,,,,,
fdx,c3050,,,,,,,
fdrA,c0632,,,,,,,
fdoI,c4842,,,,,,,
fdoH,c4843,,,,,,,
fdoG,c5624,,,,,,,
fdnI,c1907,,,,,,,
fdnH,c1906,,,,,,,
fdnG,c5623,,,,,,,
fdhF,c5625,,,,,,,
fdhE,c4841,,,,,,,
fdhD,c4847,,,,,,,
fbp,c5329,,,,,,,
fbaB,c2623,,,,,,,
fba,c3503,,,,,,,
fadR,c1635,,,,,,,
fadL,c2889,,,,,,,
fadJ,c2886,,,,,,,
fadI,c2887,,,,,,,
fadD,c2209,,,,,,,
fadB,c4793,,,,,,,
fadA,c4792,,,,,,,
fabZ,c0217,,,,,,,
fabR,c4926,,,,,,,
fabI,c1759,,,,,,,
fabH,c1360,,,,,,,
fabF,c1365,,,,,,,
fabD,c1361,,,,,,,
fabB,c2869,,,,,,,
fabA,c1090,,,,,,,
F7-2,papA,c3592,,,,,,
exuT,c3851,,,,,,,
exuR,c3852,,,,,,,
exoX,c2254,,,,,,,
exbD,c3740,,,,,,,
exbB,c3741,,,,,,,
evgS,c2906,,,,,,,
evgA,c2905,,,,,,,
eutT,c2984,,,,,,,
eutS,c2987,,,,,,,
eutN,cchB,c2981,,,,,,
eutM,cchA,c2982,,,,,,
eutJ,c2979,,,,,,,
eutI,c2983,,,,,,,
eutH,c2977,,,,,,,
eutG,c2978,,,,,,,
eutE,c2980,,,,,,,
eutC,c2974,,,,,,,
eutB,c2975,,,,,,,
ettA,yjjK,c5478,,,,,,
essD,c1561,,,,,,,
esiB,c5321,,,,,,,
erpA,c0191,,,,,,,
erfK,c2476,,,,,,,
era,c3090,,,,,,,
epmA,yjeA,c5243,,,,,,
epd,c3505,,,,,,,
envZ,c4180,,,,,,,
envR,c4030,,,,,,,
entS,c0678,,,,,,,
entH,c0684,,,,,,,
entF,c0673,,,,,,,
entE,c0681,,,,,,,
entD,c0668,,,,,,,
entC,c0680,,,,,,,
entB,c0682,,,,,,,
entA,c0683,,,,,,,
eno,c3344,,,,,,,
engB,c4812,,,,,,,
endA,c3531,,,,,,,
emtA,mltE,c1643,,,,,,
emrY,c2902,,,,,,,
emrK,c2904,,,,,,,
emrE,c2352,,,,,,,
emrD,c4597,,,,,,,
emrB,c3239,,,,,,,
emrA,c3238,,,,,,,
elaB,c2810,,,,,,,
elaA,c2811,,,,,,,
efp,c5232,,,,,,,
efeU,c1155,,,,,,,
efeO,c1156,,,,,,,
efeB,c1157,,,,,,,
edd,c2264,,,,,,,
eda,c2263,,,,,,,
ecpR,matA,c0405,,,,,,
ecpE,yagV,c0400,,,,,,
ecpD,yagW,c0401,,,,,,
ecpD,c0171,,,,,,,
ecpC,yagX,c0402,,,,,,
ecpB,matC,c0403,,,,,,
ecpA,matB,c0404,,,,,,
eco,c2750,,,,,,,
ecnB,c5235,,,,,,,
ecnA,c5234,,,,,,,
ebgR,c3832,,,,,,,
ebgC,c3834,,,,,,,
ebgA,c3833,,,,,,,
eamB,c3102,,,,,,,
eaeH,c0415,,,,,,,
ea10,ssb,c1541,,,,,,
dxs,c0531,,,,,,,
dut,c4464,,,,,,,
dusC,c2672,,,,,,,
dusB,c4026,,,,,,,
dusA,c5018,,,,,,,
dtpA,tppB,c2026,,,,,,
dtd,c4834,,,,,,,
dsrB,c2370,,,,,,,
dsdX,c2900,,,,,,,
dsdC,c2899,,,,,,,
dsdA,c2901,,,,,,,
dsbL,c3786,,,,,,,
dsbI,c3787,,,,,,,
dsbG,c0692,,,,,,,
dsbE,c2732,,,,,,,
dsbD,c5218,,,,,,,
dsbC,c3473,,,,,,,
dsbB,c1633,,,,,,,
dsbA,c4804,,,,,,,
dps,c0898,,,,,,,
dppF,c4355,,,,,,,
dppD,c4356,,,,,,,
dppC,c4357,,,,,,,
dppB,c4358,,,,,,,
dppA,c4361,,,,,,,
dpiA,citB,c0711,,,,,,
dnaX,c0589,,,,,,,
dnaT,c5441,,,,,,,
dnaQ,c0252,,,,,,,
dnaN,c4623,,,,,,,
dnaK,c0019,,,,,,,
dnaJ,c0020,,,,,,,
dnaG,c3817,,,,,,,
dnaE,c0221,,,,,,,
dnaC,c5440,,,,,,,
dnaB,c5026,,,,,,,
dmsD,c1982,,,,,,,
dmsC,c1033,,,,,,,
dmsB,c1032,,,,,,,
dmsA,c1031,,,,,,,
dlgD,c4396,,,,,,,
dld,c2664,,,,,,,
dksA,c0178,,,,,,,
djlA,yabH,c0068,,,,,,
div,c2866,,,,,,,
dinQ,c4300,,,,,,,
dinI,c1328,,,,,,,
dinG,c0883,,,,,,,
dinF,c5015,,,,,,,
dinD,c4469,,,,,,,
dinB,dinP,c0379,,,,,,
digH,yddW,c1920,,,,,,
dicB,c1405,,,,,,,
diaA,c3903,,,,,,,
dgt,c0196,,,,,,,
dgoT,c4612,,,,,,,
dgoK,c4615,,,,,,,
dgkA,c5013,,,,,,,
dgcQ,yedQ,c2374,,,,,,
dgcC,adrA,c0492,,,,,,
der,engA,c3033,,,,,,
deoR,c0925,,,,,,,
deoD,c5468,,,,,,,
deoC,dra,thyR,c5465,,,,,
deoB,drm,thyR,c5467,,,,,
deoA,c5466,,,,,,,
degS,c3990,,,,,,,
degQ,c3989,,,,,,,
def,fms,c4047,,,,,,
dedD,c2859,,,,,,,
dedA,c2862,,,,,,,
decR,c0564,,,,,,,
deaD,c3916,,,,,,,
ddlB,c0110,,,,,,,
ddlA,c0487,,,,,,,
ddg,lpxP,c2915,,,,,,
dcyD,c2333,,,,,,,
dcuS,c5131,,,,,,,
dcuR,c5130,,,,,,,
dcuC,c0712,,,,,,,
dcuB,c5128,,,,,,,
dcuA,c5220,,,,,,,
dctR,c4306,,,,,,,
dctA,c4340,,,,,,,
dcp,c1964,,,,,,,
dcm,c2380,,,,,,,
dcd,c2592,,,,,,,
dbpA,c1817,,,,,,,
dapF,c4730,,,,,,,
dapE,c2999,,,,,,,
dapD,c0201,,,,,,,
dapB,c0037,,,,,,,
dapA,c3006,,,,,,,
damX,c4158,,,,,,,
dam,c4157,,,,,,,
dadX,c1639,,,,,,,
dadA,dadR,c1638,,,,,,
dacD,c2538,,,,,,,
dacC,c0924,,,,,,,
dacB,c3939,,,,,,,
dacA,c0722,,,,,,,
cytR,c4887,,,,,,,
cysZ,c2947,,,,,,,
cysW,c2957,,,,,,,
cysU,c2958,,,,,,,
cysS,c0642,,,,,,,
cysQ,c5313,,,,,,,
cysP,c2959,,,,,,,
cysN,c3318,,,,,,,
cysM,c2955,,,,,,,
cysK,c2948,,,,,,,
cysJ,c3323,,,,,,,
cysI,c3322,,,,,,,
cysH,c3321,,,,,,,
cysG,c4144,,,,,,,
cysE,c4429,,,,,,,
cysD,c3319,,,,,,,
cysC,c3317,,,,,,,
cysB,c1742,,,,,,,
cysA,c2956,,,,,,,
cyoE,c0539,,,,,,,
cyoD,c0540,,,,,,,
cyoC,c0541,,,,,,,
cyoB,c0542,,,,,,,
cyoA,c0543,,,,,,,
cydD,c1024,,,,,,,
cydC,c1023,,,,,,,
cydB,c0812,,,,,,,
cydA,c0811,,,,,,,
cycA,c5307,,,,,,,
cybC,c5335,,,,,,,
cybB,c1844,,,,,,,
cyaY,c4726,,,,,,,
cyaA,c4725,,,,,,,
cvpA,c2857,,,,,,,
cutF,c0231,,,,,,,
cutC,c2289,,,,,,,
cutA,c5219,,,,,,,
cusS,c0656,,,,,,,
cusR,c0657,,,,,,,
cusF,cusX,c0659,,,,,,
cusC,c0658,,,,,,,
cusB,c0660,,,,,,,
cusA,c0661,,,,,,,
cueR,c0607,,,,,,,
cstA,c0685,,,,,,,
csrA,zfiA,c3249,,,,,,
cspI,c3177,,,,,,,
cspH,c1122,,,,,,,
cspG,c1123,,,,,,,
cspF,c3185,,,,,,,
cspE,c0714,,,,,,,
cspD,c1017,,,,,,,
cspC,c2231,,,,,,,
cspB,c3184,,,,,,,
cspA,c4377,,,,,,,
csiE,c3061,,,,,,,
csgG,c1299,,,,,,,
csgF,c1300,,,,,,,
csgE,c1301,,,,,,,
csgD,c1302,,,,,,,
csgC,c1307,,,,,,,
csgB,c1305,,,,,,,
csgA,c1306,,,,,,,
crr,c2952,,,,,,,
crp,c4132,,,,,,,
crl,c0387,,,,,,,
creD,c5487,,,,,,,
creC,c5486,,,,,,,
creB,c5485,,,,,,,
creA,c5484,,,,,,,
crcB,c0715,,,,,,,
cra,fruR,c0098,,,,,,
cpxR,c4864,,,,,,,
cpxP,c4865,,,,,,,
cpxA,c4863,,,,,,,
cpsG,c2573,,,,,,,
cpsB,c2575,,,,,,,
coxT,c0935,,,,,,,
corC,c0743,,,,,,,
corA,c4737,,,,,,,
cof,c0562,,,,,,,
codB,c0455,,,,,,,
codA,c0456,,,,,,,
cobU,c2479,,,,,,,
cobT,c2477,,,,,,,
cobS,c2478,,,,,,,
cobB,c1395,,,,,,,
coaE,c0123,,,,,,,
coaD,kdtB,c4458,,,,,,
coaBC,dfp,c4463,,,,,,
coaA,panK,rts,c4933,,,,,
cnu,ydgT,c2017,,,,,,
cmtB,c3516,,,,,,,
cmtA,c3515,,,,,,,
cmoB,c2285,,,,,,,
cmoA,c2284,,,,,,,
cmk,mssA,c1048,,,,,,
clsB,ybhO,c0872,,,,,,
clsA,cls,nov,c1713,,,,,
clpX,lopC,c0554,,,,,,
clpS,c1018,,,,,,,
clpP,lopP,c0553,,,,,,
clpB,htpM,c3114,,,,,,
clpA,c1019,,,,,,,
clcB,c1983,,,,,,,
clcA,eriC,c0190,,,,,,
citX,c0702,,,,,,,
citG,c0701,,,,,,,
citF,c0704,,,,,,,
citE,c0706,,,,,,,
citC,c0709,,,,,,,
citA,c0710,,,,,,,
cirA,c2690,,,,,,,
chuY,c4316,,,,,,,
chuX,c4315,,,,,,,
chuW,c4314,,,,,,,
chuU,c4317,,,,,,,
chuT,c4313,,,,,,,
chuS,c4307,,,,,,,
chuA,c4308,,,,,,,
cho,c2140,,,,,,,
cheZ,c2296,,,,,,,
cheY,c2297,,,,,,,
cheW,c2302,,,,,,,
cheR,c2299,,,,,,,
cheB,c2298,,,,,,,
cheA,c2303,,,,,,,
chbG,c2132,,,,,,,
chbB,celA,c2137,,,,,,
chbA,celC,c2135,,,,,,
chaC,c1678,,,,,,,
chaB,c1677,,,,,,,
chaA,c1676,,,,,,,
cfa,c2055,,,,,,,
celF,c2133,,,,,,,
celD,c2134,,,,,,,
celB,c2136,,,,,,,
cedA,c2129,,,,,,,
cdsA,c0212,,,,,,,
cdh,c4870,,,,,,,
cdd,c2675,,,,,,,
ccmH,c2731,,,,,,,
ccmF,c2733,,,,,,,
ccmE,cycJ,c2734,,,,,,
ccmD,c2735,,,,,,,
ccmC,c2736,,,,,,,
ccmB,c2737,,,,,,,
ccmA,c2738,,,,,,,
cca,c3806,,,,,,,
cbtA,yeeV,c2532,,,,,,
cbrB,c4639,,,,,,,
cbrA,c4611,,,,,,,
cbpM,c1135,,,,,,,
cbpA,c1136,,,,,,,
cbl,c2447,,,,,,,
carB,c0041,,,,,,,
carA,c0040,,,,,,,
caiT,c0049,,,,,,,
caiF,c0043,,,,,,,
caiE,c0044,,,,,,,
caiD,c0045,,,,,,,
caiC,c0046,,,,,,,
caiB,c0047,,,,,,,
caiA,c0048,,,,,,,
cadC,c5142,,,,,,,
cadB,c5141,,,,,,,
cadA,c5140,,,,,,,
c5477,,,,,,,,
c5476,,,,,,,,
c5464,,,,,,,,
c5458,,,,,,,,
c5455,,,,,,,,
c5451,,,,,,,,
c5449,,,,,,,,
c5448,,,,,,,,
c5447,,,,,,,,
c5437,,,,,,,,
c5435,,,,,,,,
c5434,,,,,,,,
c5433,,,,,,,,
c5432,,,,,,,,
c5431,,,,,,,,
c5426,,,,,,,,
c5425,,,,,,,,
c5424,,,,,,,,
c5423,,,,,,,,
c5421,,,,,,,,
c5416,,,,,,,,
c5411,,,,,,,,
c5406,,,,,,,,
c5398,,,,,,,,
c5390,,,,,,,,
c5387,,,,,,,,
c5386,,,,,,,,
c5385,,,,,,,,
c5384,,,,,,,,
c5383,,,,,,,,
c5382,,,,,,,,
c5381,,,,,,,,
c5380,,,,,,,,
c5379,,,,,,,,
c5378,,,,,,,,
c5377,,,,,,,,
c5376,,,,,,,,
c5375,,,,,,,,
c5374,,,,,,,,
c5373,,,,,,,,
c5372,,,,,,,,
c5371,,,,,,,,
c5361,,,,,,,,
c5357,,,,,,,,
c5356,,,,,,,,
c5355,,,,,,,,
c5351,,,,,,,,
c5349,,,,,,,,
c5347,,,,,,,,
c5343,,,,,,,,
c5334,,,,,,,,
c5330,,,,,,,,
c5324,,,,,,,,
c5322,,,,,,,,
c5314,,,,,,,,
c5312,,,,,,,,
c5304,,,,,,,,
c5303,,,,,,,,
c5302,,,,,,,,
c5301,,,,,,,,
c5300,,,,,,,,
c5299,,,,,,,,
c5298,,,,,,,,
c5297,,,,,,,,
c5296,,,,,,,,
c5295,,,,,,,,
c5293,,,,,,,,
c5290,,,,,,,,
c5286,,,,,,,,
c5282,,,,,,,,
c5271,,,,,,,,
c5270,,,,,,,,
c5269,,,,,,,,
c5246,,,,,,,,
c5233,,,,,,,,
c5229,,,,,,,,
c5225,,,,,,,,
c5223,,,,,,,,
c5221,,,,,,,,
c5216,,,,,,,,
c5215,,,,,,,,
c5213,,,,,,,,
c5212,,,,,,,,
c5211,,,,,,,,
c5210,,,,,,,,
c5209,,,,,,,,
c5208,,,,,,,,
c5207,,,,,,,,
c5206,,,,,,,,
c5205,,,,,,,,
c5200,,,,,,,,
c5199,,,,,,,,
c5197,,,,,,,,
c5196,,,,,,,,
c5195,,,,,,,,
c5194,,,,,,,,
c5193,,,,,,,,
c5191,,,,,,,,
c5190,,,,,,,,
c5178,,,,,,,,
c5176,,,,,,,,
c5175,,,,,,,,
c5174,,,,,,,,
c5173,,,,,,,,
c5172,,,,,,,,
c5171,,,,,,,,
c5170,,,,,,,,
c5169,,,,,,,,
c5167,,,,,,,,
c5166,,,,,,,,
c5165,,,,,,,,
c5164,,,,,,,,
c5163,,,,,,,,
c5162,,,,,,,,
c5161,,,,,,,,
c5160,,,,,,,,
c5158,,,,,,,,
c5157,,,,,,,,
c5156,,,,,,,,
c5155,,,,,,,,
c5154,,,,,,,,
c5153,,,,,,,,
c5152,,,,,,,,
c5150,,,,,,,,
c5149,,,,,,,,
c5148,,,,,,,,
c5147,,,,,,,,
c5146,,,,,,,,
c5143,,,,,,,,
c5137,,,,,,,,
c5135,,,,,,,,
c5132,,,,,,,,
c5129,,,,,,,,
c5083,,,,,,,,
c5081,,,,,,,,
c5078,,,,,,,,
c5075,,,,,,,,
c5073,,,,,,,,
c5065,,,,,,,,
c5061,,,,,,,,
c5060,,,,,,,,
c5059,,,,,,,,
c5058,,,,,,,,
c5057,,,,,,,,
c5056,,,,,,,,
c5055,,,,,,,,
c5051,,,,,,,,
c5044,,,,,,,,
c5043,,,,,,,,
c5042,,,,,,,,
c5041,,,,,,,,
c5040,,,,,,,,
c5039,,,,,,,,
c5038,,,,,,,,
c5035,,,,,,,,
c5034,,,,,,,,
c5033,,,,,,,,
c5032,,,,,,,,
c5030,,,,,,,,
c5029,,,,,,,,
c5027,,,,,,,,
c5025,,,,,,,,
c5024,,,,,,,,
c5023,,,,,,,,
c5022,,,,,,,,
c5021,,,,,,,,
c5012,,,,,,,,
c5008,,,,,,,,
c5000,,,,,,,,
c4998,,,,,,,,
c4993,,,,,,,,
c4992,,,,,,,,
c4987,,,,,,,,
c4986,,,,,,,,
c4985,,,,,,,,
c4984,,,,,,,,
c4983,,,,,,,,
c4982,,,,,,,,
c4981,,,,,,,,
c4978,,,,,,,,
c4977,,,,,,,,
c4973,,,,,,,,
c4965,,,,,,,,
c4960,,,,,,,,
c4942,,,,,,,,
c4938,,,,,,,,
c4934,,,,,,,,
c4925,,,,,,,,
c4924,,,,,,,,
c4920,,,,,,,,
c4909,,,,,,,,
c4903,,,,,,,,
c4898,,,,,,,,
c4897,,,,,,,,
c4896,,,,,,,,
c4895,,,,,,,,
c4894,,,,,,,,
c4889,,,,,,,,
c4882,,,,,,,,
c4868,,,,,,,,
c4860,,,,,,,,
c4858,,,,,,,,
c4854,,,,,,,,
c4849,,,,,,,,
c4848,,,,,,,,
c4846,,,,,,,,
c4839,,,,,,,,
c4838,,,,,,,,
c4837,,,,,,,,
c4836,,,,,,,,
c4831,,,,,,,,
c4830,,,,,,,,
c4829,,,,,,,,
c4828,,,,,,,,
c4814,,,,,,,,
c4813,,,,,,,,
c4811,,,,,,,,
c4808,,,,,,,,
c4805,,,,,,,,
c4780,,,,,,,,
c4779,,,,,,,,
c4778,,,,,,,,
c4777,,,,,,,,
c4776,,,,,,,,
c4775,,,,,,,,
c4774,,,,,,,,
c4772,,,,,,,,
c4771,,,,,,,,
c4770,,,,,,,,
c4769,,,,,,,,
c4768,,,,,,,,
c4767,,,,,,,,
c4766,,,,,,,,
c4765,,,,,,,,
c4764,,,,,,,,
c4763,,,,,,,,
c4762,,,,,,,,
c4761,,,,,,,,
c4760,,,,,,,,
c4759,,,,,,,,
c4758,,,,,,,,
c4757,,,,,,,,
c4756,,,,,,,,
c4755,,,,,,,,
c4754,,,,,,,,
c4753,,,,,,,,
c4752,,,,,,,,
c4748,,,,,,,,
c4745,,,,,,,,
c4743,,,,,,,,
c4739,,,,,,,,
c4738,,,,,,,,
c4736,,,,,,,,
c4735,,,,,,,,
c4728,,,,,,,,
c4727,,,,,,,,
c4720,,,,,,,,
c4712,,,,,,,,
c4703,,,,,,,,
c4689,,,,,,,,
c4688,,,,,,,,
c4663,,,,,,,,
c4661,,,,,,,,
c4656,,,,,,,,
c4650,,,,,,,,
c4647,,,,,,,,
c4645,,,,,,,,
c4626,,,,,,,,
c4618,,,,,,,,
c4617,,,,,,,,
c4616,,,,,,,,
c4610,,,,,,,,
c4605,,,,,,,,
c4594,,,,,,,,
c4584,,,,,,,,
c4581,,,,,,,,
c4580,,,,,,,,
c4579,,,,,,,,
c4578,,,,,,,,
c4577,,,,,,,,
c4576,,,,,,,,
c4575,,,,,,,,
c4574,,,,,,,,
c4573,,,,,,,,
c4572,,,,,,,,
c4571,,,,,,,,
c4570,,,,,,,,
c4569,,,,,,,,
c4568,,,,,,,,
c4567,c5159,,,,,,,
c4566,,,,,,,,
c4565,,,,,,,,
c4564,,,,,,,,
c4563,,,,,,,,
c4562,,,,,,,,
c4561,,,,,,,,
c4560,,,,,,,,
c4559,,,,,,,,
c4558,,,,,,,,
c4557,,,,,,,,
c4556,c5192,,,,,,,
c4555,,,,,,,,
c4554,,,,,,,,
c4553,,,,,,,,
c4552,,,,,,,,
c4551,,,,,,,,
c4550,,,,,,,,
c4549,,,,,,,,
c4548,,,,,,,,
c4546,,,,,,,,
c4545,,,,,,,,
c4544,,,,,,,,
c4543,,,,,,,,
c4542,,,,,,,,
c4541,,,,,,,,
c4540,,,,,,,,
c4539,,,,,,,,
c4538,,,,,,,,
c4537,,,,,,,,
c4536,,,,,,,,
c4535,,,,,,,,
c4534,,,,,,,,
c4533,,,,,,,,
c4532,,,,,,,,
c4531,,,,,,,,
c4529,,,,,,,,
c4528,,,,,,,,
c4527,,,,,,,,
c4526,,,,,,,,
c4525,,,,,,,,
c4524,,,,,,,,
c4523,,,,,,,,
c4522,,,,,,,,
c4521,,,,,,,,
c4520,,,,,,,,
c4519,,,,,,,,
c4518,,,,,,,,
c4517,,,,,,,,
c4514,,,,,,,,
c4513,,,,,,,,
c4512,,,,,,,,
c4511,,,,,,,,
c4510,,,,,,,,
c4509,,,,,,,,
c4508,,,,,,,,
c4507,,,,,,,,
c4505,,,,,,,,
c4503,,,,,,,,
c4502,,,,,,,,
c4501,,,,,,,,
c4500,,,,,,,,
c4499,,,,,,,,
c4498,,,,,,,,
c4497,,,,,,,,
c4496,,,,,,,,
c4495,,,,,,,,
c4494,,,,,,,,
c4493,,,,,,,,
c4492,,,,,,,,
c4488,,,,,,,,
c4487,,,,,,,,
c4486,,,,,,,,
c4485,,,,,,,,
c4484,,,,,,,,
c4483,,,,,,,,
c4482,,,,,,,,
c4481,,,,,,,,
c4472,,,,,,,,
c4442,,,,,,,,
c4437,,,,,,,,
c4435,,,,,,,,
c4434,,,,,,,,
c4431,,,,,,,,
c4423,,,,,,,,
c4422,,,,,,,,
c4420,,,,,,,,
c4409,,,,,,,,
c4407,,,,,,,,
c4401,,,,,,,,
c4398,,,,,,,,
c4391,,,,,,,,
c4376,,,,,,,,
c4374,,,,,,,,
c4371,,,,,,,,
c4363,,,,,,,,
c4362,,,,,,,,
c4360,,,,,,,,
c4359,,,,,,,,
c4353,,,,,,,,
c4352,,,,,,,,
c4351,,,,,,,,
c4338,,,,,,,,
c4312,,,,,,,,
c4311,,,,,,,,
c4310,,,,,,,,
c4309,,,,,,,,
c4305,,,,,,,,
c4303,,,,,,,,
c4302,,,,,,,,
c4294,,,,,,,,
c4288,,,,,,,,
c4284,,,,,,,,
c4283,,,,,,,,
c4282,,,,,,,,
c4281,,,,,,,,
c4280,,,,,,,,
c4279,,,,,,,,
c4278,,,,,,,,
c4277,,,,,,,,
c4276,,,,,,,,
c4275,,,,,,,,
c4265,,,,,,,,
c4252,,,,,,,,
c4250,,,,,,,,
c4249,,,,,,,,
c4243,,,,,,,,
c4230,,,,,,,,
c4226,,,,,,,,
c4223,,,,,,,,
c4222,,,,,,,,
c4214,,,,,,,,
c4213,,,,,,,,
c4211,,,,,,,,
c4210,,,,,,,,
c4209,,,,,,,,
c4208,,,,,,,,
c4207,,,,,,,,
c4206,,,,,,,,
c4205,,,,,,,,
c4204,,,,,,,,
c4195,,,,,,,,
c4182,,,,,,,,
c4179,,,,,,,,
c4178,,,,,,,,
c4177,,,,,,,,
c4175,,,,,,,,
c4174,,,,,,,,
c4168,,,,,,,,
c4155,,,,,,,,
c4140,,,,,,,,
c4115,,,,,,,,
c4113,,,,,,,,
c4110,,,,,,,,
c4090,,,,,,,,
c4088,,,,,,,,
c4086,,,,,,,,
c4084,,,,,,,,
c4081,,,,,,,,
c4078,,,,,,,,
c4074,,,,,,,,
c4069,,,,,,,,
c4067,,,,,,,,
c4064,,,,,,,,
c4059,,,,,,,,
c4025,,,,,,,,
c4021,,,,,,,,
c4020,,,,,,,,
c4019,,,,,,,,
c4018,,,,,,,,
c4017,,,,,,,,
c4016,,,,,,,,
c4015,,,,,,,,
c4014,,,,,,,,
c4013,,,,,,,,
c4010,,,,,,,,
c4007,,,,,,,,
c4004,,,,,,,,
c3988,,,,,,,,
c3983,,,,,,,,
c3972,,,,,,,,
c3951,,,,,,,,
c3949,,,,,,,,
c3944,,,,,,,,
c3943,,,,,,,,
c3935,,,,,,,,
c3928,,,,,,,,
c3925,,,,,,,,
c3919,,,,,,,,
c3917,,,,,,,,
c3915,,,,,,,,
c3902,,,,,,,,
c3892,,,,,,,,
c3891,,,,,,,,
c3890,,,,,,,,
c3889,,,,,,,,
c3878,,,,,,,,
c3870,,,,,,,,
c3865,,,,,,,,
c3841,,,,,,,,
c3835,,,,,,,,
c3831,,,,,,,,
c3829,,,,,,,,
c3827,,,,,,,,
c3826,,,,,,,,
c3820,,,,,,,,
c3819,,,,,,,,
c3818,,,,,,,,
c3811,,,,,,,,
c3803,,,,,,,,
c3794,,,,,,,,
c3790,,,,,,,,
c3775,,,,,,,,
c3774,,,,,,,,
c3773,,,,,,,,
c3772,,,,,,,,
c3771,,,,,,,,
c3770,,,,,,,,
c3767,,,,,,,,
c3766,,,,,,,,
c3761,,,,,,,,
c3759,,,,,,,,
c3755,,,,,,,,
c3754,,,,,,,,
c3753,,,,,,,,
c3752,,,,,,,,
c3751,,,,,,,,
c3750,,,,,,,,
c3746,,,,,,,,
c3736,,,,,,,,
c3719,,,,,,,,
c3718,,,,,,,,
c3717,,,,,,,,
c3716,,,,,,,,
c3715,,,,,,,,
c3714,,,,,,,,
c3713,,,,,,,,
c3712,,,,,,,,
c3703,,,,,,,,
c3702,,,,,,,,
c3696,,,,,,,,
c3695,,,,,,,,
c3694,,,,,,,,
c3693,,,,,,,,
c3692,,,,,,,,
c3685,,,,,,,,
c3684,,,,,,,,
c3683,,,,,,,,
c3682,,,,,,,,
c3681,,,,,,,,
c3680,,,,,,,,
c3679,,,,,,,,
c3678,,,,,,,,
c3677,,,,,,,,
c3676,,,,,,,,
c3675,,,,,,,,
c3674,,,,,,,,
c3673,,,,,,,,
c3672,,,,,,,,
c3671,,,,,,,,
c3670,,,,,,,,
c3669,,,,,,,,
c3668,,,,,,,,
c3667,,,,,,,,
c3666,,,,,,,,
c3664,,,,,,,,
c3663,,,,,,,,
c3662,,,,,,,,
c3661,,,,,,,,
c3660,,,,,,,,
c3659,,,,,,,,
c3658,,,,,,,,
c3657,,,,,,,,
c3656,,,,,,,,
c3655,,,,,,,,
c3654,,,,,,,,
c3653,,,,,,,,
c3652,,,,,,,,
c3651,,,,,,,,
c3650,,,,,,,,
c3649,,,,,,,,
c3648,,,,,,,,
c3647,,,,,,,,
c3646,,,,,,,,
c3645,,,,,,,,
c3644,,,,,,,,
c3643,,,,,,,,
c3642,,,,,,,,
c3641,,,,,,,,
c3640,,,,,,,,
c3636,,,,,,,,
c3635,,,,,,,,
c3633,,,,,,,,
c3632,,,,,,,,
c3631,,,,,,,,
c3630,,,,,,,,
c3629,,,,,,,,
c3622,,,,,,,,
c3621,,,,,,,,
c3620,,,,,,,,
c3618,,,,,,,,
c3617,,,,,,,,
c3616,,,,,,,,
c3615,,,,,,,,
c3613,,,,,,,,
c3612,,,,,,,,
c3611,,,,,,,,
c3610,,,,,,,,
c3609,,,,,,,,
c3606,,,,,,,,
c3605,,,,,,,,
c3604,,,,,,,,
c3603,,,,,,,,
c3602,,,,,,,,
c3601,,,,,,,,
c3600,,,,,,,,
c3599,,,,,,,,
c3598,,,,,,,,
c3597,,,,,,,,
c3596,c5177,,,,,,,
c3595,,,,,,,,
c3594,,,,,,,,
c3587,c5183,,,,,,,
c3581,,,,,,,,
c3580,,,,,,,,
c3579,,,,,,,,
c3578,,,,,,,,
c3577,,,,,,,,
c3576,,,,,,,,
c3575,,,,,,,,
c3572,,,,,,,,
c3571,,,,,,,,
c3568,,,,,,,,
c3567,,,,,,,,
c3566,,,,,,,,
c3565,,,,,,,,
c3564,,,,,,,,
c3563,,,,,,,,
c3562,,,,,,,,
c3561,,,,,,,,
c3560,,,,,,,,
c3559,,,,,,,,
c3558,,,,,,,,
c3557,,,,,,,,
c3556,,,,,,,,
c3554,,,,,,,,
c3549,,,,,,,,
c3545,,,,,,,,
c3526,,,,,,,,
c3523,,,,,,,,
c3519,,,,,,,,
c3518,,,,,,,,
c3517,,,,,,,,
c3514,,,,,,,,
c3513,,,,,,,,
c3510,,,,,,,,
c3509,,,,,,,,
c3508,,,,,,,,
c3507,,,,,,,,
c3506,,,,,,,,
c3498,,,,,,,,
c3487,,,,,,,,
c3486,,,,,,,,
c3478,,,,,,,,
c3470,,,,,,,,
c3466,,,,,,,,
c3462,,,,,,,,
c3459,,,,,,,,
c3457,,,,,,,,
c3446,,,,,,,,
c3444,,,,,,,,
c3433,,,,,,,,
c3432,,,,,,,,
c3429,,,,,,,,
c3421,,,,,,,,
c3410,,,,,,,,
c3409,,,,,,,,
c3408,,,,,,,,
c3407,,,,,,,,
c3406,,,,,,,,
c3405,,,,,,,,
c3404,,,,,,,,
c3403,,,,,,,,
c3402,,,,,,,,
c3401,,,,,,,,
c3400,,,,,,,,
c3399,,,,,,,,
c3398,,,,,,,,
c3397,,,,,,,,
c3396,,,,,,,,
c3395,,,,,,,,
c3394,,,,,,,,
c3393,,,,,,,,
c3392,,,,,,,,
c3391,,,,,,,,
c3390,,,,,,,,
c3389,,,,,,,,
c3388,,,,,,,,
c3387,,,,,,,,
c3386,,,,,,,,
c3385,,,,,,,,
c3381,,,,,,,,
c3379,,,,,,,,
c3369,,,,,,,,
c3363,,,,,,,,
c3362,,,,,,,,
c3355,,,,,,,,
c3354,,,,,,,,
c3353,,,,,,,,
c3343,,,,,,,,
c3341,,,,,,,,
c3340,,,,,,,,
c3339,,,,,,,,
c3338,,,,,,,,
c3337,,,,,,,,
c3336,,,,,,,,
c3331,,,,,,,,
c3309,,,,,,,,
c3307,,,,,,,,
c3306,,,,,,,,
c3305,,,,,,,,
c3304,,,,,,,,
c3303,,,,,,,,
c3302,,,,,,,,
c3292,,,,,,,,
c3276,,,,,,,,
c3275,,,,,,,,
c3273,,,,,,,,
c3272,,,,,,,,
c3271,,,,,,,,
c3270,,,,,,,,
c3264,,,,,,,,
c3251,,,,,,,,
c3248,,,,,,,,
c3243,,,,,,,,
c3242,,,,,,,,
c3241,,,,,,,,
c3240,,,,,,,,
c3234,,,,,,,,
c3233,,,,,,,,
c3225,,,,,,,,
c3224,,,,,,,,
c3220,,,,,,,,
c3219,,,,,,,,
c3214,,,,,,,,
c3206,,,,,,,,
c3205,,,,,,,,
c3204,,,,,,,,
c3203,,,,,,,,
c3200,,,,,,,,
c3199,,,,,,,,
c3198,,,,,,,,
c3197,,,,,,,,
c3196,,,,,,,,
c3194,,,,,,,,
c3193,,,,,,,,
c3190,,,,,,,,
c3189,,,,,,,,
c3188,,,,,,,,
c3187,,,,,,,,
c3186,,,,,,,,
c3183,,,,,,,,
c3182,,,,,,,,
c3181,,,,,,,,
c3180,,,,,,,,
c3178,,,,,,,,
c3176,,,,,,,,
c3175,,,,,,,,
c3173,,,,,,,,
c3172,,,,,,,,
c3171,,,,,,,,
c3170,,,,,,,,
c3169,,,,,,,,
c3168,,,,,,,,
c3167,,,,,,,,
c3166,,,,,,,,
c3165,,,,,,,,
c3164,,,,,,,,
c3163,,,,,,,,
c3162,,,,,,,,
c3161,,,,,,,,
c3160,,,,,,,,
c3159,,,,,,,,
c3158,,,,,,,,
c3157,,,,,,,,
c3156,,,,,,,,
c3155,,,,,,,,
c3154,,,,,,,,
c3153,,,,,,,,
c3151,,,,,,,,
c3150,,,,,,,,
c3149,,,,,,,,
c3148,,,,,,,,
c3147,,,,,,,,
c3144,,,,,,,,
c3143,,,,,,,,
c3136,,,,,,,,
c3134,,,,,,,,
c3133,,,,,,,,
c3118,,,,,,,,
c3113,,,,,,,,
c3104,,,,,,,,
c3084,,,,,,,,
c3064,,,,,,,,
c3063,,,,,,,,
c3054,,,,,,,,
c3046,,,,,,,,
c3045,,,,,,,,
c3040,,,,,,,,
c3031,,,,,,,,
c3030,,,,,,,,
c3029,,,,,,,,
c3023,,,,,,,,
c3022,,,,,,,,
c3016,,,,,,,,
c3012,,,,,,,,
c3010,,,,,,,,
c2993,,,,,,,,
c2992,,,,,,,,
c2988,,,,,,,,
c2986,,,,,,,,
c2985,,,,,,,,
c2976,,,,,,,,
c2973,,,,,,,,
c2972,,,,,,,,
c2964,,,,,,,,
c2963,,,,,,,,
c2949,,,,,,,,
c2944,,,,,,,,
c2938,,,,,,,,
c2930,,,,,,,,
c2924,,,,,,,,
c2918,,,,,,,,
c2917,,,,,,,,
c2913,,,,,,,,
c2911,,,,,,,,
c2909,,,,,,,,
c2903,,,,,,,,
c2898,,,,,,,,
c2897,,,,,,,,
c2896,,,,,,,,
c2895,,,,,,,,
c2893,,,,,,,,
c2891,,,,,,,,
c2885,,,,,,,,
c2858,,,,,,,,
c2854,,,,,,,,
c2839,,,,,,,,
c2837,,,,,,,,
c2814,,,,,,,,
c2806,,,,,,,,
c2791,,,,,,,,
c2785,,,,,,,,
c2770,,,,,,,,
c2757,,,,,,,,
c2755,,,,,,,,
c2749,,,,,,,,
c2742,,,,,,,,
c2740,,,,,,,,
c2729,,,,,,,,
c2728,,,,,,,,
c2727,,,,,,,,
c2723,,,,,,,,
c2705,,,,,,,,
c2686,,,,,,,,
c2681,,,,,,,,
c2676,,,,,,,,
c2670,,,,,,,,
c2669,,,,,,,,
c2666,,,,,,,,
c2662,,,,,,,,
c2648,,,,,,,,
c2647,,,,,,,,
c2646,,,,,,,,
c2645,,,,,,,,
c2643,,,,,,,,
c2624,,,,,,,,
c2615,,,,,,,,
c2612,,,,,,,,
c2610,,,,,,,,
c2609,,,,,,,,
c2608,,,,,,,,
c2607,,,,,,,,
c2589,,,,,,,,
c2588,,,,,,,,
c2587,,,,,,,,
c2586,,,,,,,,
c2574,,,,,,,,
c2566,,,,,,,,
c2565,,,,,,,,
c2564,,,,,,,,
c2563,,,,,,,,
c2562,,,,,,,,
c2561,,,,,,,,
c2560,,,,,,,,
c2559,,,,,,,,
c2558,,,,,,,,
c2543,,,,,,,,
c2541,,,,,,,,
c2535,,,,,,,,
c2531,,,,,,,,
c2529,,,,,,,,
c2528,,,,,,,,
c2527,,,,,,,,
c2526,,,,,,,,
c2525,,,,,,,,
c2524,,,,,,,,
c2523,,,,,,,,
c2522,,,,,,,,
c2521,,,,,,,,
c2520,,,,,,,,
c2514,,,,,,,,
c2513,,,,,,,,
c2512,,,,,,,,
c2511,,,,,,,,
c2510,,,,,,,,
c2508,,,,,,,,
c2506,,,,,,,,
c2505,,,,,,,,
c2504,,,,,,,,
c2503,,,,,,,,
c2502,,,,,,,,
c2501,,,,,,,,
c2500,,,,,,,,
c2499,,,,,,,,
c2498,,,,,,,,
c2497,,,,,,,,
c2496,,,,,,,,
c2495,,,,,,,,
c2494,,,,,,,,
c2493,,,,,,,,
c2490,,,,,,,,
c2489,,,,,,,,
c2486,,,,,,,,
c2485,,,,,,,,
c2484,,,,,,,,
c2483,,,,,,,,
c2482,,,,,,,,
c2481,,,,,,,,
c2480,,,,,,,,
c2475,,,,,,,,
c2474,,,,,,,,
c2473,,,,,,,,
c2472,,,,,,,,
c2471,,,,,,,,
c2470,,,,,,,,
c2469,,,,,,,,
c2468,,,,,,,,
c2467,,,,,,,,
c2466,,,,,,,,
c2465,,,,,,,,
c2464,,,,,,,,
c2463,,,,,,,,
c2462,,,,,,,,
c2461,,,,,,,,
c2460,,,,,,,,
c2459,,,,,,,,
c2458,,,,,,,,
c2457,,,,,,,,
c2456,,,,,,,,
c2455,,,,,,,,
c2454,,,,,,,,
c2453,,,,,,,,
c2452,,,,,,,,
c2451,,,,,,,,
c2450,,,,,,,,
c2449,,,,,,,,
c2442,,,,,,,,
c2441,,,,,,,,
c2440,,,,,,,,
c2439,,,,,,,,
c2438,,,,,,,,
c2437,,,,,,,,
c2436,,,,,,,,
c2435,,,,,,,,
c2434,,,,,,,,
c2433,,,,,,,,
c2432,,,,,,,,
c2431,,,,,,,,
c2430,,,,,,,,
c2429,,,,,,,,
c2428,,,,,,,,
c2427,,,,,,,,
c2426,,,,,,,,
c2425,,,,,,,,
c2424,,,,,,,,
c2423,,,,,,,,
c2422,,,,,,,,
c2421,,,,,,,,
c2420,,,,,,,,
c2419,,,,,,,,
c2418,,,,,,,,
c2416,,,,,,,,
c2415,,,,,,,,
c2414,,,,,,,,
c2413,,,,,,,,
c2412,,,,,,,,
c2411,,,,,,,,
c2410,,,,,,,,
c2409,,,,,,,,
c2408,,,,,,,,
c2407,,,,,,,,
c2406,,,,,,,,
c2405,,,,,,,,
c2404,,,,,,,,
c2403,,,,,,,,
c2402,,,,,,,,
c2401,,,,,,,,
c2400,,,,,,,,
c2399,,,,,,,,
c2397,,,,,,,,
c2396,,,,,,,,
c2395,,,,,,,,
c2394,,,,,,,,
c2393,,,,,,,,
c2392,,,,,,,,
c2388,,,,,,,,
c2384,,,,,,,,
c2383,,,,,,,,
c2375,,,,,,,,
c2371,,,,,,,,
c2368,,,,,,,,
c2356,,,,,,,,
c2351,,,,,,,,
c2348,,,,,,,,
c2347,,,,,,,,
c2328,,,,,,,,
c2320,,,,,,,,
c2318,,,,,,,,
c2317,,,,,,,,
c2307,,,,,,,,
c2300,,,,,,,,
c2295,,,,,,,,
c2288,,,,,,,,
c2266,,,,,,,,
c2257,,,,,,,,
c2255,,,,,,,,
c2248,,,,,,,,
c2241,,,,,,,,
c2236,,,,,,,,
c2230,,,,,,,,
c2225,,,,,,,,
c2220,,,,,,,,
c2215,,,,,,,,
c2212,,,,,,,,
c2207,,,,,,,,
c2206,,,,,,,,
c2203,,,,,,,,
c2201,,,,,,,,
c2180,,,,,,,,
c2169,,,,,,,,
c2165,,,,,,,,
c2163,,,,,,,,
c2160,,,,,,,,
c2158,,,,,,,,
c2155,,,,,,,,
c2149,,,,,,,,
c2142,,,,,,,,
c2130,,,,,,,,
c2122,,,,,,,,
c2119,,,,,,,,
c2118,,,,,,,,
c2117,,,,,,,,
c2114,,,,,,,,
c2108,,,,,,,,
c2092,,,,,,,,
c2070,,,,,,,,
c2068,,,,,,,,
c2065,,,,,,,,
c2063,,,,,,,,
c2061,,,,,,,,
c2059,,,,,,,,
c2047,,,,,,,,
c2046,,,,,,,,
c2041,,,,,,,,
c1993,,,,,,,,
c1990,,,,,,,,
c1989,,,,,,,,
c1980,,,,,,,,
c1968,,,,,,,,
c1960,,,,,,,,
c1959,,,,,,,,
c1958,,,,,,,,
c1957,,,,,,,,
c1956,,,,,,,,
c1955,,,,,,,,
c1939,,,,,,,,
c1937,,,,,,,,
c1936,,,,,,,,
c1935,,,,,,,,
c1934,,,,,,,,
c1919,,,,,,,,
c1918,,,,,,,,
c1915,,,,,,,,
c1910,,,,,,,,
c1908,,,,,,,,
c1905,,,,,,,,
c1893,,,,,,,,
c1892,,,,,,,,
c1891,,,,,,,,
c1890,,,,,,,,
c1889,,,,,,,,
c1888,,,,,,,,
c1887,,,,,,,,
c1886,,,,,,,,
c1885,,,,,,,,
c1884,,,,,,,,
c1883,,,,,,,,
c1882,,,,,,,,
c1881,,,,,,,,
c1880,,,,,,,,
c1879,,,,,,,,
c1874,,,,,,,,
c1862,,,,,,,,
c1861,,,,,,,,
c1855,,,,,,,,
c1846,,,,,,,,
c1843,,,,,,,,
c1838,,,,,,,,
c1833,,,,,,,,
c1824,,,,,,,,
c1820,,,,,,,,
c1819,,,,,,,,
c1813,,,,,,,,
c1812,,,,,,,,
c1811,,,,,,,,
c1810,,,,,,,,
c1809,,,,,,,,
c1802,,,,,,,,
c1801,,,,,,,,
c1800,,,,,,,,
c1781,,,,,,,,
c1776,,,,,,,,
c1766,,,,,,,,
c1765,,,,,,,,
c1764,,,,,,,,
c1763,,,,,,,,
c1762,,,,,,,,
c1761,,,,,,,,
c1760,,,,,,,,
c1752,,,,,,,,
c1744,,,,,,,,
c1743,,,,,,,,
c1740,,,,,,,,
c1738,,,,,,,,
c1718,,,,,,,,
c1704,,,,,,,,
c1702,,,,,,,,
c1695,,,,,,,,
c1694,,,,,,,,
c1693,,,,,,,,
c1692,,,,,,,,
c1691,,,,,,,,
c1690,,,,,,,,
c1689,,,,,,,,
c1683,,,,,,,,
c1675,,,,,,,,
c1673,,,,,,,,
c1671,,,,,,,,
c1660,,,,,,,,
c1659,,,,,,,,
c1657,,,,,,,,
c1655,,,,,,,,
c1653,,,,,,,,
c1652,,,,,,,,
c1650,,,,,,,,
c1649,,,,,,,,
c1648,,,,,,,,
c1642,,,,,,,,
c1636,,,,,,,,
c1630,,,,,,,,
c1628,,,,,,,,
c1624,,,,,,,,
c1620,,,,,,,,
c1619,,,,,,,,
c1618,,,,,,,,
c1615,,,,,,,,
c1611,,,,,,,,
c1610,,,,,,,,
c1608,,,,,,,,
c1605,,,,,,,,
c1601,,,,,,,,
c1596,,,,,,,,
c1595,,,,,,,,
c1594,,,,,,,,
c1593,,,,,,,,
c1592,,,,,,,,
c1591,,,,,,,,
c1590,,,,,,,,
c1589,,,,,,,,
c1588,,,,,,,,
c1587,,,,,,,,
c1586,,,,,,,,
c1585,,,,,,,,
c1584,,,,,,,,
c1583,,,,,,,,
c1581,,,,,,,,
c1580,,,,,,,,
c1579,,,,,,,,
c1578,,,,,,,,
c1577,,,,,,,,
c1576,,,,,,,,
c1575,,,,,,,,
c1574,,,,,,,,
c1573,,,,,,,,
c1572,,,,,,,,
c1571,,,,,,,,
c1570,,,,,,,,
c1569,,,,,,,,
c1567,,,,,,,,
c1566,,,,,,,,
c1565,,,,,,,,
c1563,,,,,,,,
c1558,,,,,,,,
c1556,,,,,,,,
c1555,,,,,,,,
c1551,,,,,,,,
c1550,,,,,,,,
c1549,,,,,,,,
c1548,,,,,,,,
c1547,,,,,,,,
c1546,,,,,,,,
c1545,,,,,,,,
c1544,,,,,,,,
c1543,,,,,,,,
c1542,,,,,,,,
c1540,,,,,,,,
c1539,,,,,,,,
c1538,,,,,,,,
c1536,,,,,,,,
c1535,,,,,,,,
c1534,,,,,,,,
c1533,,,,,,,,
c1532,,,,,,,,
c1531,,,,,,,,
c1530,c3607,c5144,,,,,,
c1528,,,,,,,,
c1527,,,,,,,,
c1526,,,,,,,,
c1525,,,,,,,,
c1524,,,,,,,,
c1523,,,,,,,,
c1522,,,,,,,,
c1519,,,,,,,,
c1518,,,,,,,,
c1516,,,,,,,,
c1515,,,,,,,,
c1507,,,,,,,,
c1506,,,,,,,,
c1505,,,,,,,,
c1504,,,,,,,,
c1503,,,,,,,,
c1502,,,,,,,,
c1501,,,,,,,,
c1500,,,,,,,,
c1499,,,,,,,,
c1498,,,,,,,,
c1497,,,,,,,,
c1496,,,,,,,,
c1495,,,,,,,,
c1494,,,,,,,,
c1493,,,,,,,,
c1492,,,,,,,,
c1491,,,,,,,,
c1490,,,,,,,,
c1489,,,,,,,,
c1488,,,,,,,,
c1487,,,,,,,,
c1486,,,,,,,,
c1485,,,,,,,,
c1484,,,,,,,,
c1483,,,,,,,,
c1482,,,,,,,,
c1481,,,,,,,,
c1478,,,,,,,,
c1472,,,,,,,,
c1471,,,,,,,,
c1470,,,,,,,,
c1469,,,,,,,,
c1468,,,,,,,,
c1466,,,,,,,,
c1465,,,,,,,,
c1464,,,,,,,,
c1463,,,,,,,,
c1462,,,,,,,,
c1461,,,,,,,,
c1460,,,,,,,,
c1459,,,,,,,,
c1458,,,,,,,,
c1457,,,,,,,,
c1456,,,,,,,,
c1455,,,,,,,,
c1454,,,,,,,,
c1453,,,,,,,,
c1452,,,,,,,,
c1451,,,,,,,,
c1450,,,,,,,,
c1449,,,,,,,,
c1448,,,,,,,,
c1447,,,,,,,,
c1446,,,,,,,,
c1445,,,,,,,,
c1444,,,,,,,,
c1443,,,,,,,,
c1442,,,,,,,,
c1441,,,,,,,,
c1439,,,,,,,,
c1438,,,,,,,,
c1437,,,,,,,,
c1436,,,,,,,,
c1435,,,,,,,,
c1433,,,,,,,,
c1432,,,,,,,,
c1431,,,,,,,,
c1430,,,,,,,,
c1428,,,,,,,,
c1426,,,,,,,,
c1425,,,,,,,,
c1424,,,,,,,,
c1423,,,,,,,,
c1422,,,,,,,,
c1421,,,,,,,,
c1420,,,,,,,,
c1419,,,,,,,,
c1418,,,,,,,,
c1417,,,,,,,,
c1416,,,,,,,,
c1415,,,,,,,,
c1414,,,,,,,,
c1413,,,,,,,,
c1412,,,,,,,,
c1411,,,,,,,,
c1410,,,,,,,,
c1406,,,,,,,,
c1403,,,,,,,,
c1400,,,,,,,,
c1375,,,,,,,,
c1368,,,,,,,,
c1367,,,,,,,,
c1363,,,,,,,,
c1357,,,,,,,,
c1337,,,,,,,,
c1324,,,,,,,,
c1323,,,,,,,,
c1317,,,,,,,,
c1315,,,,,,,,
c1312,,,,,,,,
c1304,,,,,,,,
c1303,,,,,,,,
c1294,,,,,,,,
c1293,,,,,,,,
c1292,,,,,,,,
c1290,,,,,,,,
c1289,,,,,,,,
c1288,,,,,,,,
c1287,,,,,,,,
c1286,,,,,,,,
c1285,,,,,,,,
c1284,c5151,,,,,,,
c1282,,,,,,,,
c1281,,,,,,,,
c1280,,,,,,,,
c1279,,,,,,,,
c1278,,,,,,,,
c1277,,,,,,,,
c1276,,,,,,,,
c1275,c3665,,,,,,,
c1274,,,,,,,,
c1273,,,,,,,,
c1272,,,,,,,,
c1271,,,,,,,,
c1270,,,,,,,,
c1269,,,,,,,,
c1268,,,,,,,,
c1267,,,,,,,,
c1266,,,,,,,,
c1265,,,,,,,,
c1264,,,,,,,,
c1261,,,,,,,,
c1260,,,,,,,,
c1259,,,,,,,,
c1258,,,,,,,,
c1257,,,,,,,,
c1255,,,,,,,,
c1249,,,,,,,,
c1248,,,,,,,,
c1246,,,,,,,,
c1236,,,,,,,,
c1235,,,,,,,,
c1234,,,,,,,,
c1233,,,,,,,,
c1225,,,,,,,,
c1224,,,,,,,,
c1222,,,,,,,,
c1221,,,,,,,,
c1220,,,,,,,,
c1219,,,,,,,,
c1218,,,,,,,,
c1217,,,,,,,,
c1216,,,,,,,,
c1215,,,,,,,,
c1214,,,,,,,,
c1213,,,,,,,,
c1210,,,,,,,,
c1209,,,,,,,,
c1208,,,,,,,,
c1207,,,,,,,,
c1206,,,,,,,,
c1205,,,,,,,,
c1204,,,,,,,,
c1203,,,,,,,,
c1202,,,,,,,,
c1201,,,,,,,,
c1200,,,,,,,,
c1198,,,,,,,,
c1197,,,,,,,,
c1196,,,,,,,,
c1195,,,,,,,,
c1194,,,,,,,,
c1193,,,,,,,,
c1192,,,,,,,,
c1191,,,,,,,,
c1190,,,,,,,,
c1189,,,,,,,,
c1188,,,,,,,,
c1187,,,,,,,,
c1186,,,,,,,,
c1185,,,,,,,,
c1184,,,,,,,,
c1183,,,,,,,,
c1176,,,,,,,,
c1175,,,,,,,,
c1174,,,,,,,,
c1173,,,,,,,,
c1172,,,,,,,,
c1171,,,,,,,,
c1170,,,,,,,,
c1168,,,,,,,,
c1167,,,,,,,,
c1166,,,,,,,,
c1165,,,,,,,,
c1158,,,,,,,,
c1153,,,,,,,,
c1152,,,,,,,,
c1142,,,,,,,,
c1141,,,,,,,,
c1140,,,,,,,,
c1138,,,,,,,,
c1129,,,,,,,,
c1126,,,,,,,,
c1112,,,,,,,,
c1111,,,,,,,,
c1109,,,,,,,,
c1108,,,,,,,,
c1103,,,,,,,,
c1102,,,,,,,,
c1094,,,,,,,,
c1091,,,,,,,,
c1089,,,,,,,,
c1074,,,,,,,,
c1062,,,,,,,,
c1053,,,,,,,,
c1051,,,,,,,,
c1040,,,,,,,,
c1036,,,,,,,,
c1035,,,,,,,,
c1020,,,,,,,,
c1016,,,,,,,,
c1013,,,,,,,,
c1010,,,,,,,,
c1008,,,,,,,,
c1005,,,,,,,,
c1001,,,,,,,,
c0978,,,,,,,,
c0977,,,,,,,,
c0976,,,,,,,,
c0975,,,,,,,,
c0974,,,,,,,,
c0973,,,,,,,,
c0972,,,,,,,,
c0971,,,,,,,,
c0970,,,,,,,,
c0968,,,,,,,,
c0967,,,,,,,,
c0966,,,,,,,,
c0965,,,,,,,,
c0964,,,,,,,,
c0963,,,,,,,,
c0962,,,,,,,,
c0961,,,,,,,,
c0960,,,,,,,,
c0959,,,,,,,,
c0958,,,,,,,,
c0957,,,,,,,,
c0956,,,,,,,,
c0955,,,,,,,,
c0954,,,,,,,,
c0953,,,,,,,,
c0952,,,,,,,,
c0951,,,,,,,,
c0950,,,,,,,,
c0949,,,,,,,,
c0948,,,,,,,,
c0947,,,,,,,,
c0946,,,,,,,,
c0945,,,,,,,,
c0944,,,,,,,,
c0943,,,,,,,,
c0942,,,,,,,,
c0941,,,,,,,,
c0940,,,,,,,,
c0939,,,,,,,,
c0938,,,,,,,,
c0937,,,,,,,,
c0936,,,,,,,,
c0934,,,,,,,,
c0933,,,,,,,,
c0929,,,,,,,,
c0909,,,,,,,,
c0902,,,,,,,,
c0897,,,,,,,,
c0888,,,,,,,,
c0887,,,,,,,,
c0882,,,,,,,,
c0881,,,,,,,,
c0869,,,,,,,,
c0864,,,,,,,,
c0854,,,,,,,,
c0852,,,,,,,,
c0839,,,,,,,,
c0828,,,,,,,,
c0827,,,,,,,,
c0824,,,,,,,,
c0823,,,,,,,,
c0820,,,,,,,,
c0813,,,,,,,,
c0810,,,,,,,,
c0809,,,,,,,,
c0808,,,,,,,,
c0807,,,,,,,,
c0799,,,,,,,,
c0797,,,,,,,,
c0795,,,,,,,,
c0784,,,,,,,,
c0778,,,,,,,,
c0767,,,,,,,,
c0765,,,,,,,,
c0764,,,,,,,,
c0763,,,,,,,,
c0762,,,,,,,,
c0761,,,,,,,,
c0760,,,,,,,,
c0759,,,,,,,,
c0758,,,,,,,,
c0757,,,,,,,,
c0756,,,,,,,,
c0754,,,,,,,,
c0746,,,,,,,,
c0741,,,,,,,,
c0740,,,,,,,,
c0723,,,,,,,,
c0719,,,,,,,,
c0705,,,,,,,,
c0703,,,,,,,,
c0697,,,,,,,,
c0693,,,,,,,,
c0690,,,,,,,,
c0689,,,,,,,,
c0672,,,,,,,,
c0670,,,,,,,,
c0651,c1474,,,,,,,
c0650,c1473,,,,,,,
c0646,,,,,,,,
c0640,,,,,,,,
c0638,,,,,,,,
c0631,,,,,,,,
c0608,,,,,,,,
c0590,,,,,,,,
c0583,,,,,,,,
c0569,,,,,,,,
c0567,,,,,,,,
c0552,,,,,,,,
c0550,,,,,,,,
c0549,,,,,,,,
c0547,,,,,,,,
c0545,,,,,,,,
c0526,,,,,,,,
c0510,,,,,,,,
c0507,,,,,,,,
c0503,,,,,,,,
c0500,,,,,,,,
c0497,,,,,,,,
c0488,,,,,,,,
c0485,,,,,,,,
c0481,,,,,,,,
c0478,,,,,,,,
c0474,,,,,,,,
c0471,,,,,,,,
c0470,,,,,,,,
c0469,,,,,,,,
c0468,,,,,,,,
c0467,,,,,,,,
c0463,,,,,,,,
c0460,,,,,,,,
c0446,,,,,,,,
c0444,,,,,,,,
c0441,,,,,,,,
c0438,,,,,,,,
c0435,,,,,,,,
c0430,,,,,,,,
c0429,,,,,,,,
c0428,,,,,,,,
c0427,,,,,,,,
c0426,,,,,,,,
c0417,,,,,,,,
c0414,,,,,,,,
c0413,,,,,,,,
c0412,,,,,,,,
c0411,,,,,,,,
c0410,,,,,,,,
c0409,,,,,,,,
c0408,,,,,,,,
c0398,,,,,,,,
c0396,,,,,,,,
c0395,,,,,,,,
c0394,,,,,,,,
c0393,,,,,,,,
c0392,,,,,,,,
c0391,,,,,,,,
c0385,,,,,,,,
c0381,,,,,,,,
c0375,,,,,,,,
c0368,,,,,,,,
c0367,,,,,,,,
c0366,,,,,,,,
c0365,,,,,,,,
c0364,,,,,,,,
c0363,,,,,,,,
c0362,,,,,,,,
c0361,,,,,,,,
c0360,,,,,,,,
c0359,,,,,,,,
c0358,,,,,,,,
c0357,,,,,,,,
c0355,,,,,,,,
c0352,,,,,,,,
c0351,,,,,,,,
c0349,,,,,,,,
c0348,,,,,,,,
c0345,,,,,,,,
c0341,,,,,,,,
c0340,,,,,,,,
c0339,,,,,,,,
c0338,,,,,,,,
c0337,,,,,,,,
c0336,,,,,,,,
c0335,,,,,,,,
c0334,,,,,,,,
c0333,,,,,,,,
c0332,,,,,,,,
c0330,,,,,,,,
c0329,,,,,,,,
c0328,,,,,,,,
c0327,,,,,,,,
c0326,,,,,,,,
c0325,,,,,,,,
c0324,,,,,,,,
c0323,,,,,,,,
c0322,,,,,,,,
c0321,,,,,,,,
c0320,,,,,,,,
c0319,,,,,,,,
c0318,,,,,,,,
c0317,,,,,,,,
c0316,,,,,,,,
c0315,,,,,,,,
c0314,,,,,,,,
c0313,,,,,,,,
c0312,,,,,,,,
c0311,,,,,,,,
c0310,,,,,,,,
c0309,,,,,,,,
c0308,,,,,,,,
c0307,,,,,,,,
c0306,,,,,,,,
c0305,,,,,,,,
c0304,,,,,,,,
c0303,,,,,,,,
c0302,,,,,,,,
c0301,,,,,,,,
c0300,,,,,,,,
c0299,,,,,,,,
c0298,,,,,,,,
c0297,c2515,,,,,,,
c0296,c2516,,,,,,,
c0295,c2517,,,,,,,
c0294,c2518,,,,,,,
c0293,,,,,,,,
c0292,,,,,,,,
c0291,,,,,,,,
c0290,,,,,,,,
c0289,,,,,,,,
c0288,,,,,,,,
c0287,,,,,,,,
c0286,,,,,,,,
c0285,,,,,,,,
c0284,,,,,,,,
c0283,,,,,,,,
c0282,,,,,,,,
c0281,,,,,,,,
c0280,,,,,,,,
c0279,,,,,,,,
c0278,,,,,,,,
c0277,,,,,,,,
c0276,,,,,,,,
c0275,,,,,,,,
c0274,,,,,,,,
c0273,,,,,,,,
c0272,,,,,,,,
c0271,,,,,,,,
c0270,,,,,,,,
c0269,,,,,,,,
c0268,c1529,c2509,c3608,c5145,,,,
c0265,,,,,,,,
c0264,,,,,,,,
c0263,,,,,,,,
c0262,c3614,,,,,,,
c0261,,,,,,,,
c0260,,,,,,,,
c0259,,,,,,,,
c0258,,,,,,,,
c0257,,,,,,,,
c0256,,,,,,,,
c0255,,,,,,,,
c0254,,,,,,,,
c0253,,,,,,,,
c0233,,,,,,,,
c0232,,,,,,,,
c0222,,,,,,,,
c0205,,,,,,,,
c0192,,,,,,,,
c0184,,,,,,,,
c0182,,,,,,,,
c0174,,,,,,,,
c0173,,,,,,,,
c0163,,,,,,,,
c0161,,,,,,,,
c0141,,,,,,,,
c0139,c1262,c1521,c1553,,,,,
c0138,c0354,c1263,c1520,c1552,c5168,c5214,,
c0137,,,,,,,,
c0136,,,,,,,,
c0134,,,,,,,,
c0133,,,,,,,,
c0120,,,,,,,,
c0119,,,,,,,,
c0118,,,,,,,,
c0097,,,,,,,,
c0094,,,,,,,,
c0092,,,,,,,,
c0088,,,,,,,,
c0086,c0198,c1291,c1384,c2622,c3152,,,
c0080,,,,,,,,
c0079,,,,,,,,
c0078,,,,,,,,
c0077,,,,,,,,
c0072,c0563,c1256,c1427,c2334,c2639,c3468,c5469,
c0062,,,,,,,,
c0060,,,,,,,,
c0059,,,,,,,,
c0042,,,,,,,,
c0039,,,,,,,,
c0038,,,,,,,,
c0036,,,,,,,,
c0026,,,,,,,,
c0023,,,,,,,,
c0022,,,,,,,,
c0021,,,,,,,,
c0018,,,,,,,,
c0014,,,,,,,,
c0009,,,,,,,,
c0008,,,,,,,,
c0006,,,,,,,,
c0002,,,,,,,,
btuR,c1735,,,,,,,
btuF,c0194,,,,,,,
btuE,c2106,,,,,,,
btuD,c2105,,,,,,,
btuC,c2107,,,,,,,
btuB,c4929,,,,,,,
btsS,yehU,c2656,,,,,,
btsR,yehT,c2655,,,,,,
bssS,c1327,,,,,,,
brnQ,c0511,,,,,,,
bolA,c0548,,,,,,,
blc,c5237,,,,,,,
bisC,c4369,,,,,,,
birA,c4932,,,,,,,
bipA,typA,c4820,,,,,,
bioH,c4189,,,,,,,
bioF,c0856,,,,,,,
bioD,c0858,,,,,,,
bioC,c0857,,,,,,,
bioB,c0855,,,,,,,
bioA,c0853,,,,,,,
bhsA,comC,c1386,,,,,,
bglX,c2663,,,,,,,
bglJ,c5445,,,,,,,
bglH,c4642,,,,,,,
bglG,c4646,,,,,,,
bglF,c4644,,,,,,,
bglB,c4643,,,,,,,
bglA,c3482,,,,,,,
bfr,c4107,,,,,,,
bfd,c4108,,,,,,,
betT,c0434,,,,,,,
betI,c0433,,,,,,,
betB,c0432,,,,,,,
betA,c0431,,,,,,,
bdm,c1914,,,,,,,
bcsF,c4349,,,,,,,
bcr,c2719,,,,,,,
bcp,c3008,,,,,,,
bax,c4390,,,,,,,
basS,c5117,,,,,,,
basR,c5118,,,,,,,
barA,c3349,,,,,,,
bamE,smpA,c3139,,,,,,
bamD,yfiO,c3117,,,,,,
bamA,yaeT,c0214,,,,,,
baeS,c2604,,,,,,,
baeR,c2605,,,,,,,
azoR,c1839,,,,,,,
avtA,c4393,,,,,,,
atpI,c4667,,,,,,,
atpH,c4662,,,,,,,
atpG,c4659,,,,,,,
atpF,c4664,,,,,,,
atpE,c4665,,,,,,,
atpD,c4658,,,,,,,
atpC,papG,uncC,c4657,,,,,
atpB,c4666,,,,,,,
atpA,c4660,,,,,,,
atoS,c2762,,,,,,,
atoE,c2766,,,,,,,
atoD,c2764,,,,,,,
atoC,c2763,,,,,,,
atoB,c2767,,,,,,,
atoA,c2765,,,,,,,
astE,c2144,,,,,,,
astD,c2146,,,,,,,
astC,argM,c2148,,,,,,
astB,c2145,,,,,,,
astA,c2147,,,,,,,
assT,c3785,,,,,,,
asr,c1988,,,,,,,
aspS,c2280,,,,,,,
aspC,c1070,,,,,,,
aspA,c5222,,,,,,,
asnS,c1072,,,,,,,
asnC,c4671,,,,,,,
asnB,c0749,,,,,,,
asnA,c4672,,,,,,,
asmA,c2591,,,,,,,
aslB,c4718,,,,,,,
aslA,c4719,,,,,,,
asd,c4220,,,,,,,
artQ,c0995,,,,,,,
artP,c0997,,,,,,,
artM,c0994,,,,,,,
artJ,c0993,,,,,,,
artI,c0996,,,,,,,
arsC,c4301,,,,,,,
aroP,c0131,,,,,,,
aroM,c0498,,,,,,,
aroL,c0495,,,,,,,
aroK,c4160,,,,,,,
aroH,c2100,,,,,,,
aroG,c0830,,,,,,,
aroF,c3122,,,,,,,
aroE,c4042,,,,,,,
aroD,c2088,,,,,,,
aroC,c2875,,,,,,,
aroB,c4159,,,,,,,
aroA,c1046,,,,,,,
arnT,c2799,,,,,,,
arnF,c2801,,,,,,,
arnE,c2800,,,,,,,
arnD,c2798,,,,,,,
arnC,c2796,,,,,,,
arnB,c2795,,,,,,,
arnA,c2797,,,,,,,
ariR,c1609,,,,,,,
argS,c2291,,,,,,,
argR,c3992,,,,,,,
argR,c5346,,,,,,,
argP,iciA,c3497,,,,,,
argO,c3501,,,,,,,
argI,c5353,,,,,,,
argH,c4919,,,,,,,
argG,c3929,,,,,,,
argE,c4916,,,,,,,
argD,dapC,c4134,,,,,,
argC,c4917,,,,,,,
argB,c4918,,,,,,,
argA,c3412,,,,,,,
arcC,c0635,,,,,,,
arcB,c5348,,,,,,,
arcB,c3970,,,,,,,
arcA,c5488,,,,,,,
arcA,c5350,,,,,,,
araJ,c0504,,,,,,,
araH,c2312,,,,,,,
araG,c2313,,,,,,,
araF,c2314,,,,,,,
araE,c3438,,,,,,,
araD,c0073,,,,,,,
araC,c0076,,,,,,,
araB,c0075,,,,,,,
araA,c0074,,,,,,,
aqpZ,bniP,c1009,,,,,,
apt,c0588,,,,,,,
appC,c1119,,,,,,,
appB,c1120,,,,,,,
appA,c1121,,,,,,,
aphA,c5045,,,,,,,
apbA,c0536,,,,,,,
apaH,c0061,,,,,,,
apaG,c0063,,,,,,,
ansP,c1878,,,,,,,
ansB,c3543,,,,,,,
ansA,c2171,,,,,,,
anmK,c2032,,,,,,,
amyA,c2342,,,,,,,
amtB,c0570,,,,,,,
ampG,c0544,,,,,,,
ampE,c0130,,,,,,,
ampD,c0129,,,,,,,
ampC,c5238,,,,,,,
amn,c2444,,,,,,,
amiC,c3411,,,,,,,
amiB,c5253,,,,,,,
amiA,c2969,,,,,,,
alx,c3846,,,,,,,
alr,c5028,,,,,,,
alpA,c1169,,,,,,,
allS,c0619,,,,,,,
allR,c0621,,,,,,,
allB,ybbX,c0626,,,,,,
allA,c0620,,,,,,,
alkB,c2753,,,,,,,
alkA,c2595,,,,,,,
aldB,c4408,,,,,,,
aldA,c1842,,,,,,,
alaE,c3221,,,,,,,
alaA,yfbQ,c2831,,,,,,
ais,c2794,,,,,,,
aidB,c5275,,,,,,,
ahpF,c0695,,,,,,,
ahpC,c0694,,,,,,,
agp,c1137,,,,,,,
agaV,c3888,,,,,,,
agaS,c3893,,,,,,,
agaR,c3886,,,,,,,
agaI,c3898,,,,,,,
agaD,c3897,,,,,,,
agaC,c3896,,,,,,,
agaB,c3895,,,,,,,
aes,c0596,,,,,,,
aer,c3825,,,,,,,
aefA,c0584,,,,,,,
adk,c0594,,,,,,,
adiY,c5121,,,,,,,
adiC,c5120,,,,,,,
adiA,c5122,,,,,,,
adhP,c1911,,,,,,,
adhE,c1705,,,,,,,
ade,c4589,,,,,,,
add,c2015,,,,,,,
ada,c2754,,,,,,,
actP,c5062,,,,,,,
acs,c5064,,,,,,,
acrZ,ybhT,c0838,,,,,,
acrR,c0582,,,,,,,
acrF,c4032,,,,,,,
acrE,c4031,,,,,,,
acrD,c2997,,,,,,,
acrB,c0580,,,,,,,
acrA,c0581,,,,,,,
acpS,c3087,,,,,,,
acpP,c1364,,,,,,,
acpP,c1199,,,,,,,
acpH,c0514,,,,,,,
acnB,c0147,,,,,,,
acnA,c1745,,,,,,,
ackA,ack,c2838,,,,,,
aceK,c4974,,,,,,,
aceE,c0142,,,,,,,
aceB,c4971,,,,,,,
aceA,c4972,,,,,,,
accD,c2861,,,,,,,
accC,c4012,,,,,,,
accB,c4011,,,,,,,
accA,c0223,,,,,,,
abrB,c0794,,,,,,,
aat,c1022,,,,,,,
aas,c3431,,,,,,,
aaeX,c3997,,,,,,,
aaeR,c3998,,,,,,,
aaeB,c3995,,,,,,,
aaeA,c3996,,,,,,,
